Workbook

Sheet AAA Top 50
A1: AAA GAMES U HAVE TO PLAY LIST
A2: TOP 100 • ranks 1–50 are the core must-play tier; ranks 51–100 are the next essential tier • Nintendo excluded
A4: Rank | B4: Game | C4: Year | D4: Publisher / Studio | E4: Genre | F4: Metacritic /100 | G4: Metacritic PC /100 | H4: IGN /10 | I4: GameSpot /10 | J4: PC Gamer /100 | K4: 43.2 | L4: my rating(based on rank) | M4: Why it ranks here
A5: 1 | B5: Red Dead Redemption 2 | C5: 2018 | D5: Rockstar Games | E5: Open-world / Action-Adventure | F5: 97 | G5: 93 | H5: 10 | I5: 9 | K5: =IF((COUNT(F5,G5,J5)+IF(H5="",0,1)+IF(I5="",0,1))=0,"",(SUM(F5,G5,J5)+IF(H5="",0,H5*10)+IF(I5="",0,I5*10))/(COUNT(F5,G5,J5)+IF(H5="",0,1)+IF(I5="",0,1))) -> 95 | L5: =10-((A5-1)*(3/99)) -> 10 | M5: The benchmark blockbuster: world-building, immersion, narrative detail and systemic depth at extraordinary scale.
A6: 2 | B6: Mass Effect 2 | C6: 2010 | D6: BioWare / EA | E6: Action RPG / Sci-Fi | F6: 96 | G6: 94 | H6: 9.6 | I6: 9 | J6: 90 | K6: =IF((COUNT(F6,G6,J6)+IF(H6="",0,1)+IF(I6="",0,1))=0,"",(SUM(F6,G6,J6)+IF(H6="",0,H6*10)+IF(I6="",0,I6*10))/(COUNT(F6,G6,J6)+IF(H6="",0,1)+IF(I6="",0,1))) -> 93.2 | L6: =10-((A6-1)*(3/99)) -> 9.969697 | M6: Elite character-driven sci-fi RPG design; squad relationships and mission structure remain genre-defining.
A7: 3 | B7: The Witcher 3: Wild Hunt | C7: 2015 | D7: CD Projekt Red | E7: Open-world RPG | F7: 92 | G7: 93 | H7: 9.3 | I7: 9 | J7: 92 | K7: =IF((COUNT(F7,G7,J7)+IF(H7="",0,1)+IF(I7="",0,1))=0,"",(SUM(F7,G7,J7)+IF(H7="",0,H7*10)+IF(I7="",0,I7*10))/(COUNT(F7,G7,J7)+IF(H7="",0,1)+IF(I7="",0,1))) -> 92 | L7: =TEXT(10-((A7-1)*(3/99)),"0.0")&" (AI – not played)" -> 9.9 (AI – not played) | M7: A landmark open-world RPG with exceptional side quests, world density and long-term reputation.
A8: 4 | B8: God of War | C8: 2018 | D8: Santa Monica Studio / Sony | E8: Action-Adventure | F8: 94 | G8: 90 | H8: 10 | I8: 9 | J8: 90 | K8: =IF((COUNT(F8,G8,J8)+IF(H8="",0,1)+IF(I8="",0,1))=0,"",(SUM(F8,G8,J8)+IF(H8="",0,H8*10)+IF(I8="",0,I8*10))/(COUNT(F8,G8,J8)+IF(H8="",0,1)+IF(I8="",0,1))) -> 92.8 | L8: =10-((A8-1)*(3/99)) -> 9.9090909 | M8: Major reinvention of a flagship action series with strong combat, presentation and character writing.
A9: 5 | B9: The Last of Us | C9: 2013 | D9: Naughty Dog / Sony | E9: Action-Adventure / Survival | F9: 95 | H9: 10 | I9: 8 | K9: =IF((COUNT(F9,G9,J9)+IF(H9="",0,1)+IF(I9="",0,1))=0,"",(SUM(F9,G9,J9)+IF(H9="",0,H9*10)+IF(I9="",0,I9*10))/(COUNT(F9,G9,J9)+IF(H9="",0,1)+IF(I9="",0,1))) -> 91.666667 | L9: =10-((A9-1)*(3/99)) -> 9.8787879 | M9: A landmark cinematic action game with unusually strong pacing, performances and environmental storytelling.
A10: 6 | B10: Grand Theft Auto V | C10: 2013 | D10: Rockstar Games | E10: Open-world / Action-Adventure | F10: 97 | G10: 96 | H10: 10 | I10: 9 | J10: 93 | K10: =IF((COUNT(F10,G10,J10)+IF(H10="",0,1)+IF(I10="",0,1))=0,"",(SUM(F10,G10,J10)+IF(H10="",0,H10*10)+IF(I10="",0,I10*10))/(COUNT(F10,G10,J10)+IF(H10="",0,1)+IF(I10="",0,1))) -> 95.2 | L10: =10-((A10-1)*(3/99)) -> 9.8484848 | M10: One of the defining blockbuster open worlds; huge cultural footprint and exceptional sandbox freedom.
A11: 7 | B11: Grand Theft Auto IV | C11: 2008 | D11: Rockstar Games | E11: Open-world / Action-Adventure | F11: 98 | G11: 90 | I11: 10 | K11: =IF((COUNT(F11,G11,J11)+IF(H11="",0,1)+IF(I11="",0,1))=0,"",(SUM(F11,G11,J11)+IF(H11="",0,H11*10)+IF(I11="",0,I11*10))/(COUNT(F11,G11,J11)+IF(H11="",0,1)+IF(I11="",0,1))) -> 96 | L11: =TEXT(10-(5*(3/99)),"0.0") -> 9.8 | M11: Massive cultural impact and a more grounded crime-world tone that influenced open-world design.
A12: 8 | B12: Red Dead Redemption | C12: 2010 | D12: Rockstar Games | E12: Open-world / Action-Adventure | F12: 95 | H12: 9.7 | I12: 9.5 | K12: =IF((COUNT(F12,G12,J12)+IF(H12="",0,1)+IF(I12="",0,1))=0,"",(SUM(F12,G12,J12)+IF(H12="",0,H12*10)+IF(I12="",0,I12*10))/(COUNT(F12,G12,J12)+IF(H12="",0,1)+IF(I12="",0,1))) -> 95.666667 | L12: =10-((A12-1)*(3/99)) -> 9.7878788 | M12: Outstanding western open world and a foundational Rockstar story experience.
A13: 9 | B13: BioShock | C13: 2007 | D13: 2K / Irrational Games | E13: FPS / Narrative | F13: 96 | G13: 96 | I13: 9 | J13: 94 | K13: =IF((COUNT(F13,G13,J13)+IF(H13="",0,1)+IF(I13="",0,1))=0,"",(SUM(F13,G13,J13)+IF(H13="",0,H13*10)+IF(I13="",0,I13*10))/(COUNT(F13,G13,J13)+IF(H13="",0,1)+IF(I13="",0,1))) -> 94 | L13: =10-((A13-1)*(3/99)) -> 9.7575758 | M13: A landmark AAA shooter/narrative hybrid whose setting, atmosphere and storytelling still stand out.
A14: 10 | B14: Mass Effect | C14: 2007 | D14: BioWare / EA | E14: Action RPG / Sci-Fi | F14: 91 | I14: 8.5 | J14: 85 | K14: =IF((COUNT(F14,G14,J14)+IF(H14="",0,1)+IF(I14="",0,1))=0,"",(SUM(F14,G14,J14)+IF(H14="",0,H14*10)+IF(I14="",0,I14*10))/(COUNT(F14,G14,J14)+IF(H14="",0,1)+IF(I14="",0,1))) -> 87 | L14: =10-((A14-1)*(3/99)) -> 9.7272727 | M14: Established BioWare's galaxy-scale RPG formula and the Commander Shepard trilogy foundation.
A15: 11 | B15: The Elder Scrolls V: Skyrim | C15: 2011 | D15: Bethesda Game Studios | E15: Open-world RPG | F15: 96 | G15: 94 | H15: 9.5 | I15: 9.5 | J15: 94 | K15: =IF((COUNT(F15,G15,J15)+IF(H15="",0,1)+IF(I15="",0,1))=0,"",(SUM(F15,G15,J15)+IF(H15="",0,H15*10)+IF(I15="",0,I15*10))/(COUNT(F15,G15,J15)+IF(H15="",0,1)+IF(I15="",0,1))) -> 94.8 | L15: =TEXT(10-((A15-1)*(3/99)),"0.0")&" (AI – not played)" -> 9.7 (AI – not played) | M15: Defining open-world fantasy RPG freedom; exploration, modding and scale made it a lasting gateway RPG.
A16: 12 | B16: Baldur's Gate 3 | C16: 2023 | D16: Larian Studios | E16: CRPG / RPG | F16: 96 | G16: 96 | H16: 10 | I16: 10 | J16: 97 | K16: =IF((COUNT(F16,G16,J16)+IF(H16="",0,1)+IF(I16="",0,1))=0,"",(SUM(F16,G16,J16)+IF(H16="",0,H16*10)+IF(I16="",0,I16*10))/(COUNT(F16,G16,J16)+IF(H16="",0,1)+IF(I16="",0,1))) -> 97.8 | L16: =TEXT(10-((A16-1)*(3/99)),"0.0")&" (AI – not played)" -> 9.7 (AI – not played) | M16: A modern RPG landmark for player choice, reactivity, companions, encounter design and systemic freedom.
A17: 13 | B17: Clair Obscur: Expedition 33 | C17: 2025 | D17: Sandfall Interactive / Kepler Interactive | E17: Turn-based RPG | F17: 92 | G17: 91 | H17: 9 | I17: 9 | K17: =IF((COUNT(F17,G17,J17)+IF(H17="",0,1)+IF(I17="",0,1))=0,"",(SUM(F17,G17,J17)+IF(H17="",0,H17*10)+IF(I17="",0,I17*10))/(COUNT(F17,G17,J17)+IF(H17="",0,1)+IF(I17="",0,1))) -> 90.75 | L17: =10-((A17-1)*(3/99)) -> 9.6363636 | M17: Exceptional modern RPG breakout: distinctive world, music, story and an innovative turn-based/action hybrid. AAA-caliber presentation despite an indie-sized studio.
A18: 14 | B18: Batman: Arkham City | C18: 2011 | D18: Rocksteady / WB Games | E18: Action-Adventure | F18: 94 | G18: 94 | H18: 9.5 | I18: 9 | J18: 94 | K18: =IF((COUNT(F18,G18,J18)+IF(H18="",0,1)+IF(I18="",0,1))=0,"",(SUM(F18,G18,J18)+IF(H18="",0,H18*10)+IF(I18="",0,I18*10))/(COUNT(F18,G18,J18)+IF(H18="",0,1)+IF(I18="",0,1))) -> 93.4 | L18: =10-((A18-1)*(3/99)) -> 9.6060606 | M18: The standout Batman game and a benchmark for open-world superhero action.
A19: 15 | B19: Elden Ring | C19: 2022 | D19: FromSoftware / Bandai Namco | E19: Open-world Action RPG | F19: 96 | G19: 94 | H19: 10 | I19: 10 | J19: 95 | K19: =IF((COUNT(F19,G19,J19)+IF(H19="",0,1)+IF(I19="",0,1))=0,"",(SUM(F19,G19,J19)+IF(H19="",0,H19*10)+IF(I19="",0,I19*10))/(COUNT(F19,G19,J19)+IF(H19="",0,1)+IF(I19="",0,1))) -> 97 | L19: =TEXT(10-((A19-1)*(3/99)),"0.0")&" (AI – not played)" -> 9.6 (AI – not played) | M19: Modern action-RPG landmark with huge exploration freedom and influential world design.
A20: 16 | B20: Uncharted 4: A Thief's End | C20: 2016 | D20: Naughty Dog / Sony | E20: Action-Adventure | F20: 93 | I20: 10 | K20: =IF((COUNT(F20,G20,J20)+IF(H20="",0,1)+IF(I20="",0,1))=0,"",(SUM(F20,G20,J20)+IF(H20="",0,H20*10)+IF(I20="",0,I20*10))/(COUNT(F20,G20,J20)+IF(H20="",0,1)+IF(I20="",0,1))) -> 96.5 | L20: =10-((A20-1)*(3/99)) -> 9.5454545 | M20: AAA cinematic adventure polished to an exceptional degree, with superb set pieces and production value.
A21: 17 | B21: God of War Ragnarök | C21: 2022 | D21: Santa Monica Studio / Sony | E21: Action-Adventure | F21: 94 | G21: 94 | H21: 10 | I21: 10 | J21: 90 | K21: =IF((COUNT(F21,G21,J21)+IF(H21="",0,1)+IF(I21="",0,1))=0,"",(SUM(F21,G21,J21)+IF(H21="",0,H21*10)+IF(I21="",0,I21*10))/(COUNT(F21,G21,J21)+IF(H21="",0,1)+IF(I21="",0,1))) -> 95.6 | L21: =10-((A21-1)*(3/99)) -> 9.5151515 | M21: Refined sequel that expands the 2018 formula while delivering some of the strongest modern blockbuster combat.
A22: 18 | B22: The Last of Us Part II | C22: 2020 | D22: Naughty Dog / Sony | E22: Action-Adventure | F22: 93 | I22: 8 | K22: =IF((COUNT(F22,G22,J22)+IF(H22="",0,1)+IF(I22="",0,1))=0,"",(SUM(F22,G22,J22)+IF(H22="",0,H22*10)+IF(I22="",0,I22*10))/(COUNT(F22,G22,J22)+IF(H22="",0,1)+IF(I22="",0,1))) -> 86.5 | L22: =10-((A22-1)*(3/99)) -> 9.4848485 | M22: Bold sequel with elite production, combat depth and unusually ambitious storytelling.
A23: 19 | B23: Grand Theft Auto: San Andreas | C23: 2004 | D23: Rockstar North / Rockstar | E23: Open-world / Action-Adventure | F23: 95 | I23: 9.6 | K23: =IF((COUNT(F23,G23,J23)+IF(H23="",0,1)+IF(I23="",0,1))=0,"",(SUM(F23,G23,J23)+IF(H23="",0,H23*10)+IF(I23="",0,I23*10))/(COUNT(F23,G23,J23)+IF(H23="",0,1)+IF(I23="",0,1))) -> 95.5 | L23: =10-((A23-1)*(3/99)) -> 9.4545455 | M23: An enormous cultural landmark and one of the strongest examples of early 3D open-world freedom.
A24: 20 | B24: Mass Effect 3 | C24: 2012 | D24: BioWare / EA | E24: Action RPG / Sci-Fi | F24: 93 | G24: 89 | H24: 9.5 | I24: 9.5 | J24: 90 | K24: =IF((COUNT(F24,G24,J24)+IF(H24="",0,1)+IF(I24="",0,1))=0,"",(SUM(F24,G24,J24)+IF(H24="",0,H24*10)+IF(I24="",0,I24*10))/(COUNT(F24,G24,J24)+IF(H24="",0,1)+IF(I24="",0,1))) -> 92.4 | L24: =10-((A24-1)*(3/99)) -> 9.4242424 | M24: Excellent RPG systems, companions and galaxy-scale storytelling despite a divisive finale.
A25: 21 | B25: Fallout 3 | C25: 2008 | D25: Bethesda Game Studios | E25: Open-world RPG | F25: 93 | G25: 91 | H25: 9.6 | I25: 9 | J25: 92 | K25: =IF((COUNT(F25,G25,J25)+IF(H25="",0,1)+IF(I25="",0,1))=0,"",(SUM(F25,G25,J25)+IF(H25="",0,H25*10)+IF(I25="",0,I25*10))/(COUNT(F25,G25,J25)+IF(H25="",0,1)+IF(I25="",0,1))) -> 92.4 | L25: =10-((A25-1)*(3/99)) -> 9.3939394 | M25: A foundational modern open-world RPG with exploration, questing and atmosphere still worth experiencing.
A26: 22 | B26: Baldur's Gate II: Shadows of Amn | C26: 2000 | D26: BioWare / Interplay | E26: CRPG / RPG | F26: 95 | I26: 9.6 | K26: =IF((COUNT(F26,G26,J26)+IF(H26="",0,1)+IF(I26="",0,1))=0,"",(SUM(F26,G26,J26)+IF(H26="",0,H26*10)+IF(I26="",0,I26*10))/(COUNT(F26,G26,J26)+IF(H26="",0,1)+IF(I26="",0,1))) -> 95.5 | L26: =TEXT(10-((A26-1)*(3/99)),"0.0")&" (AI – not played)" -> 9.4 (AI – not played) | M26: One of the foundational large-scale RPGs; less modern-looking, but massively important to the genre.
A27: 23 | B27: Halo 3 | C27: 2007 | D27: Bungie / Microsoft | E27: FPS | F27: 94 | I27: 9.5 | K27: =IF((COUNT(F27,G27,J27)+IF(H27="",0,1)+IF(I27="",0,1))=0,"",(SUM(F27,G27,J27)+IF(H27="",0,H27*10)+IF(I27="",0,I27*10))/(COUNT(F27,G27,J27)+IF(H27="",0,1)+IF(I27="",0,1))) -> 94.5 | L27: =10-((A27-1)*(3/99)) -> 9.3333333 | M27: One of the defining console FPS campaigns and a major multiplayer-era blockbuster.
A28: 24 | B28: Portal 2 | C28: 2011 | D28: Valve | E28: Puzzle / Adventure | F28: 95 | G28: 95 | H28: 10 | I28: 10 | J28: 94 | K28: =IF((COUNT(F28,G28,J28)+IF(H28="",0,1)+IF(I28="",0,1))=0,"",(SUM(F28,G28,J28)+IF(H28="",0,H28*10)+IF(I28="",0,I28*10))/(COUNT(F28,G28,J28)+IF(H28="",0,1)+IF(I28="",0,1))) -> 96.8 | L28: =TEXT(10-((A28-1)*(3/99)),"0.0")&" (AI – not played)" -> 9.3 (AI – not played) | M28: One of the strongest puzzle/adventure productions ever released by a major studio.
A29: 25 | B29: Half-Life 2 | C29: 2004 | D29: Valve | E29: FPS / Action | F29: 96 | G29: 96 | H29: 9.7 | I29: 9.2 | J29: 96 | K29: =IF((COUNT(F29,G29,J29)+IF(H29="",0,1)+IF(I29="",0,1))=0,"",(SUM(F29,G29,J29)+IF(H29="",0,H29*10)+IF(I29="",0,I29*10))/(COUNT(F29,G29,J29)+IF(H29="",0,1)+IF(I29="",0,1))) -> 95.4 | L29: =10-((A29-1)*(3/99)) -> 9.2727273 | M29: A transformative FPS that reshaped physics, environmental storytelling and immersive level design.
A30: 26 | B30: Cyberpunk 2077 | C30: 2020 | D30: CD Projekt Red | E30: Open-world RPG | F30: 86 | G30: 86 | H30: 9 | I30: 7 | J30: 78 | K30: =IF((COUNT(F30,G30,J30)+IF(H30="",0,1)+IF(I30="",0,1))=0,"",(SUM(F30,G30,J30)+IF(H30="",0,H30*10)+IF(I30="",0,I30*10))/(COUNT(F30,G30,J30)+IF(H30="",0,1)+IF(I30="",0,1))) -> 82 | L30: =10-((A30-1)*(3/99)) -> 9.2424242 | M30: An ambitious, visually striking RPG whose post-launch evolution is important to its legacy.
A31: 27 | B31: Resident Evil 4 | C31: 2023 | D31: Capcom | E31: Survival Horror / Action | F31: 93 | G31: 91 | H31: 10 | I31: 10 | J31: 80 | K31: =IF((COUNT(F31,G31,J31)+IF(H31="",0,1)+IF(I31="",0,1))=0,"",(SUM(F31,G31,J31)+IF(H31="",0,H31*10)+IF(I31="",0,I31*10))/(COUNT(F31,G31,J31)+IF(H31="",0,1)+IF(I31="",0,1))) -> 92.8 | L31: =10-((A31-1)*(3/99)) -> 9.2121212 | M31: A benchmark survival-horror remake: masterful pacing, encounter design and combat that sharpen an all-time classic.
A32: 28 | B32: Alan Wake 2 | C32: 2023 | D32: Remedy / Epic Games | E32: Survival Horror / Action | F32: 89 | G32: 89 | H32: 9 | I32: 9 | J32: 88 | K32: =IF((COUNT(F32,G32,J32)+IF(H32="",0,1)+IF(I32="",0,1))=0,"",(SUM(F32,G32,J32)+IF(H32="",0,H32*10)+IF(I32="",0,I32*10))/(COUNT(F32,G32,J32)+IF(H32="",0,1)+IF(I32="",0,1))) -> 89.2 | L32: =TEXT(10-((A32-1)*(3/99)),"0.0")&" (AI – not played)" -> 9.2 (AI – not played) | M32: A landmark modern horror production with exceptional audiovisual direction and narrative ambition.
A33: 29 | B33: Control | C33: 2019 | D33: Remedy / 505 Games | E33: Action-Adventure | F33: 85 | G33: 82 | H33: 8.8 | I33: 8 | J33: 88 | K33: =IF((COUNT(F33,G33,J33)+IF(H33="",0,1)+IF(I33="",0,1))=0,"",(SUM(F33,G33,J33)+IF(H33="",0,H33*10)+IF(I33="",0,I33*10))/(COUNT(F33,G33,J33)+IF(H33="",0,1)+IF(I33="",0,1))) -> 84.6 | L33: =10-((A33-1)*(3/99)) -> 9.1515152 | M33: Distinctive AAA supernatural action with exceptional atmosphere, art direction and telekinetic combat.
A34: 30 | B34: Star Wars: Knights of the Old Republic | C34: 2003 | D34: BioWare / LucasArts | E34: RPG | F34: 94 | G34: 94 | H34: 9.2 | I34: 9.1 | J34: 92 | K34: =IF((COUNT(F34,G34,J34)+IF(H34="",0,1)+IF(I34="",0,1))=0,"",(SUM(F34,G34,J34)+IF(H34="",0,H34*10)+IF(I34="",0,I34*10))/(COUNT(F34,G34,J34)+IF(H34="",0,1)+IF(I34="",0,1))) -> 92.6 | L34: =TEXT(10-((A34-1)*(3/99)),"0.0")&" (AI – not played)" -> 9.1 (AI – not played) | M34: A landmark licensed RPG with strong writing, choice and world-building.
A35: 31 | B35: Metal Gear Solid 3: Snake Eater | C35: 2004 | D35: Konami | E35: Action / Stealth | F35: 91 | I35: 9 | K35: =IF((COUNT(F35,G35,J35)+IF(H35="",0,1)+IF(I35="",0,1))=0,"",(SUM(F35,G35,J35)+IF(H35="",0,H35*10)+IF(I35="",0,I35*10))/(COUNT(F35,G35,J35)+IF(H35="",0,1)+IF(I35="",0,1))) -> 90.5 | L35: =10-((A35-1)*(3/99)) -> 9.0909091 | M35: A landmark stealth blockbuster with exceptional survival mechanics and storytelling.
A36: 32 | B36: Call of Duty 4: Modern Warfare | C36: 2007 | D36: Infinity Ward / Activision | E36: FPS | F36: 94 | G36: 92 | H36: 9.4 | I36: 9 | K36: =IF((COUNT(F36,G36,J36)+IF(H36="",0,1)+IF(I36="",0,1))=0,"",(SUM(F36,G36,J36)+IF(H36="",0,H36*10)+IF(I36="",0,I36*10))/(COUNT(F36,G36,J36)+IF(H36="",0,1)+IF(I36="",0,1))) -> 92.5 | L36: =10-((A36-1)*(3/99)) -> 9.0606061 | M36: A defining AAA shooter whose campaign, multiplayer and presentation changed the mainstream FPS.
A37: 33 | B37: Assassin's Creed IV: Black Flag | C37: 2013 | D37: Ubisoft Montreal / Ubisoft | E37: Open-world Action-Adventure | F37: 88 | G37: 84 | H37: 9 | I37: 9 | J37: 86 | K37: =IF((COUNT(F37,G37,J37)+IF(H37="",0,1)+IF(I37="",0,1))=0,"",(SUM(F37,G37,J37)+IF(H37="",0,H37*10)+IF(I37="",0,I37*10))/(COUNT(F37,G37,J37)+IF(H37="",0,1)+IF(I37="",0,1))) -> 87.6 | L37: =10-((A37-1)*(3/99)) -> 9.030303 | M37: Combines Assassin's Creed with a highly memorable open-world naval sandbox.
A38: 34 | B38: Dishonored | C38: 2012 | D38: Arkane / Bethesda | E38: Immersive Sim / Action | F38: 88 | G38: 88 | H38: 9.2 | I38: 9 | J38: 88 | K38: =IF((COUNT(F38,G38,J38)+IF(H38="",0,1)+IF(I38="",0,1))=0,"",(SUM(F38,G38,J38)+IF(H38="",0,H38*10)+IF(I38="",0,I38*10))/(COUNT(F38,G38,J38)+IF(H38="",0,1)+IF(I38="",0,1))) -> 89.2 | L38: =TEXT(10-((A38-1)*(3/99)),"0.0")&" (AI – not played)" -> 9.0 (AI – not played) | M38: A landmark modern immersive sim with excellent level design and player-driven approaches.
A39: 35 | B39: The Elder Scrolls IV: Oblivion | C39: 2006 | D39: Bethesda Game Studios | E39: Open-world RPG | F39: 94 | G39: 94 | H39: 9.3 | I39: 9.5 | J39: 92 | K39: =IF((COUNT(F39,G39,J39)+IF(H39="",0,1)+IF(I39="",0,1))=0,"",(SUM(F39,G39,J39)+IF(H39="",0,H39*10)+IF(I39="",0,I39*10))/(COUNT(F39,G39,J39)+IF(H39="",0,1)+IF(I39="",0,1))) -> 93.6 | L39: =10-((A39-1)*(3/99)) -> 8.969697 | M39: One of the key early open-world RPGs and a direct ancestor to Skyrim.
A40: 36 | B40: Halo: Reach | C40: 2010 | D40: Bungie / Microsoft | E40: FPS | F40: 91 | I40: 9.5 | K40: =IF((COUNT(F40,G40,J40)+IF(H40="",0,1)+IF(I40="",0,1))=0,"",(SUM(F40,G40,J40)+IF(H40="",0,H40*10)+IF(I40="",0,I40*10))/(COUNT(F40,G40,J40)+IF(H40="",0,1)+IF(I40="",0,1))) -> 93 | L40: =10-((A40-1)*(3/99)) -> 8.9393939 | M40: Excellent campaign pacing, combat and world-building within the Halo formula.
A41: 37 | B41: Far Cry 4 | C41: 2014 | D41: Ubisoft Montreal / Ubisoft | E41: Open-world FPS | F41: 80 | G41: 80 | H41: 8.5 | I41: 8.5 | J41: 80 | K41: =IF((COUNT(F41,G41,J41)+IF(H41="",0,1)+IF(I41="",0,1))=0,"",(SUM(F41,G41,J41)+IF(H41="",0,H41*10)+IF(I41="",0,I41*10))/(COUNT(F41,G41,J41)+IF(H41="",0,1)+IF(I41="",0,1))) -> 82 | L41: =10-((A41-1)*(3/99)) -> 8.9090909 | M41: Big, polished Ubisoft open world; less groundbreaking than FC3 but still a core AAA shooter experience.
A42: 38 | B42: Dragon Age: Inquisition | C42: 2014 | D42: BioWare / EA | E42: Open-world RPG | F42: 89 | G42: 85 | H42: 8.8 | I42: 9 | J42: 87 | K42: =IF((COUNT(F42,G42,J42)+IF(H42="",0,1)+IF(I42="",0,1))=0,"",(SUM(F42,G42,J42)+IF(H42="",0,H42*10)+IF(I42="",0,I42*10))/(COUNT(F42,G42,J42)+IF(H42="",0,1)+IF(I42="",0,1))) -> 87.8 | L42: =TEXT(10-((A42-1)*(3/99)),"0.0")&" (AI – not played)" -> 8.9 (AI – not played) | M42: A large-scale fantasy RPG that brought BioWare's companions and choices to an expansive 3D world.
A43: 39 | B43: Metro Exodus | C43: 2019 | D43: 4A Games / Deep Silver | E43: FPS / Survival | F43: 80 | G43: 81 | H43: 8.6 | I43: 8 | J43: 79 | K43: =IF((COUNT(F43,G43,J43)+IF(H43="",0,1)+IF(I43="",0,1))=0,"",(SUM(F43,G43,J43)+IF(H43="",0,H43*10)+IF(I43="",0,I43*10))/(COUNT(F43,G43,J43)+IF(H43="",0,1)+IF(I43="",0,1))) -> 81.2 | L43: =10-((A43-1)*(3/99)) -> 8.8484848 | M43: Immersive post-apocalyptic FPS design with strong atmosphere, world detail and survival mechanics.
A44: 40 | B44: Resident Evil 2 | C44: 2019 | D44: Capcom | E44: Survival Horror | F44: 91 | G44: 91 | H44: 9 | I44: 9 | J44: 90 | K44: =IF((COUNT(F44,G44,J44)+IF(H44="",0,1)+IF(I44="",0,1))=0,"",(SUM(F44,G44,J44)+IF(H44="",0,H44*10)+IF(I44="",0,I44*10))/(COUNT(F44,G44,J44)+IF(H44="",0,1)+IF(I44="",0,1))) -> 90.4 | L44: =10-((A44-1)*(3/99)) -> 8.8181818 | M44: A near-perfect modern remake of a foundational survival-horror game.
A45: 41 | B45: Resident Evil Requiem | C45: 2026 | D45: Capcom | E45: Survival Horror | F45: 89 | G45: 92 | H45: 9 | I45: 8 | J45: 92 | K45: =IF((COUNT(F45,G45,J45)+IF(H45="",0,1)+IF(I45="",0,1))=0,"",(SUM(F45,G45,J45)+IF(H45="",0,H45*10)+IF(I45="",0,I45*10))/(COUNT(F45,G45,J45)+IF(H45="",0,1)+IF(I45="",0,1))) -> 88.6 | L45: =10-((A45-1)*(3/99)) -> 8.7878788 | M45: The newest mainline Resident Evil: strong RE Engine horror craft and a well-received return to slower, tenser survival design.
A46: 42 | B46: Titanfall 2 | C46: 2016 | D46: Respawn / EA | E46: FPS | F46: 89 | G46: 86 | H46: 9 | I46: 9 | J46: 89 | K46: =IF((COUNT(F46,G46,J46)+IF(H46="",0,1)+IF(I46="",0,1))=0,"",(SUM(F46,G46,J46)+IF(H46="",0,H46*10)+IF(I46="",0,I46*10))/(COUNT(F46,G46,J46)+IF(H46="",0,1)+IF(I46="",0,1))) -> 88.8 | L46: =10-((A46-1)*(3/99)) -> 8.7575758 | M46: A standout blockbuster FPS with one of the genre's most praised campaigns and movement systems.
A47: 43 | B47: Star Wars Battlefront II | C47: 2017 | D47: DICE / EA | E47: FPS / Action | F47: 68 | G47: 68 | H47: 8 | I47: 8 | J47: 80 | K47: =IF((COUNT(F47,G47,J47)+IF(H47="",0,1)+IF(I47="",0,1))=0,"",(SUM(F47,G47,J47)+IF(H47="",0,H47*10)+IF(I47="",0,I47*10))/(COUNT(F47,G47,J47)+IF(H47="",0,1)+IF(I47="",0,1))) -> 75.2 | L47: =10-((A47-1)*(3/99)) -> 8.7272727 | M47: A visually spectacular Star Wars blockbuster that improved significantly after launch.
A48: 44 | B48: Sekiro: Shadows Die Twice | C48: 2019 | D48: FromSoftware / Activision | E48: Action RPG | F48: 90 | G48: 90 | I48: 9 | J48: 90 | K48: =IF((COUNT(F48,G48,J48)+IF(H48="",0,1)+IF(I48="",0,1))=0,"",(SUM(F48,G48,J48)+IF(H48="",0,H48*10)+IF(I48="",0,I48*10))/(COUNT(F48,G48,J48)+IF(H48="",0,1)+IF(I48="",0,1))) -> 90 | L48: =10-((A48-1)*(3/99)) -> 8.6969697 | M48: Masterful precision action design; a modern FromSoftware essential.
A49: 45 | B49: Bloodborne | C49: 2015 | D49: FromSoftware / Sony | E49: Action RPG | F49: 92 | I49: 9 | K49: =IF((COUNT(F49,G49,J49)+IF(H49="",0,1)+IF(I49="",0,1))=0,"",(SUM(F49,G49,J49)+IF(H49="",0,H49*10)+IF(I49="",0,I49*10))/(COUNT(F49,G49,J49)+IF(H49="",0,1)+IF(I49="",0,1))) -> 91 | L49: =10-((A49-1)*(3/99)) -> 8.6666667 | M49: A defining PlayStation action RPG with atmosphere, combat and world design that shaped the genre.
A50: 46 | B50: Grand Theft Auto: Vice City | C50: 2002 | D50: Rockstar North / Rockstar | E50: Open-world / Action-Adventure | F50: 95 | H50: 9.6 | I50: 9.6 | K50: =IF((COUNT(F50,G50,J50)+IF(H50="",0,1)+IF(I50="",0,1))=0,"",(SUM(F50,G50,J50)+IF(H50="",0,H50*10)+IF(I50="",0,I50*10))/(COUNT(F50,G50,J50)+IF(H50="",0,1)+IF(I50="",0,1))) -> 95.666667 | L50: =10-((A50-1)*(3/99)) -> 8.6363636 | M50: A defining open-world classic whose tone, setting and mission design made it culturally iconic.
A51: 47 | B51: Star Wars Jedi: Fallen Order | C51: 2019 | D51: Respawn / EA | E51: Action-Adventure | F51: 81 | G51: 80 | H51: 9 | I51: 9 | J51: 81 | K51: =IF((COUNT(F51,G51,J51)+IF(H51="",0,1)+IF(I51="",0,1))=0,"",(SUM(F51,G51,J51)+IF(H51="",0,H51*10)+IF(I51="",0,I51*10))/(COUNT(F51,G51,J51)+IF(H51="",0,1)+IF(I51="",0,1))) -> 84.4 | L51: =10-((A51-1)*(3/99)) -> 8.6060606 | M51: A major modern Star Wars single-player revival with Soulslike-inspired combat and blockbuster presentation.
A52: 48 | B52: Horizon Zero Dawn | C52: 2017 | D52: Guerrilla / Sony | E52: Open-world Action RPG | F52: 89 | G52: 84 | H52: 9.3 | I52: 9 | J52: 85 | K52: =IF((COUNT(F52,G52,J52)+IF(H52="",0,1)+IF(I52="",0,1))=0,"",(SUM(F52,G52,J52)+IF(H52="",0,H52*10)+IF(I52="",0,I52*10))/(COUNT(F52,G52,J52)+IF(H52="",0,1)+IF(I52="",0,1))) -> 88.2 | L52: =TEXT(10-((A52-1)*(3/99)),"0.0")&" (AI – not played)" -> 8.6 (AI – not played) | M52: A major PS4-era open-world RPG with a distinctive science-fiction setting and strong combat.
A53: 49 | B53: Horizon Forbidden West | C53: 2022 | D53: Guerrilla / Sony | E53: Open-world Action RPG | F53: 88 | G53: 88 | H53: 9 | I53: 9 | J53: 87 | K53: =IF((COUNT(F53,G53,J53)+IF(H53="",0,1)+IF(I53="",0,1))=0,"",(SUM(F53,G53,J53)+IF(H53="",0,H53*10)+IF(I53="",0,I53*10))/(COUNT(F53,G53,J53)+IF(H53="",0,1)+IF(I53="",0,1))) -> 88.6 | L53: =TEXT(10-((A53-1)*(3/99)),"0.0")&" (AI – not played)" -> 8.5 (AI – not played) | M53: Large-scale sequel with expanded combat, exploration and presentation.
A54: 50 | B54: Ghost of Tsushima | C54: 2020 | D54: Sucker Punch / Sony | E54: Open-world Action-Adventure | F54: 83 | G54: 87 | H54: 9 | I54: 7 | J54: 87 | K54: =IF((COUNT(F54,G54,J54)+IF(H54="",0,1)+IF(I54="",0,1))=0,"",(SUM(F54,G54,J54)+IF(H54="",0,H54*10)+IF(I54="",0,I54*10))/(COUNT(F54,G54,J54)+IF(H54="",0,1)+IF(I54="",0,1))) -> 83.4 | L54: =10-((A54-1)*(3/99)) -> 8.5151515 | M54: One of the strongest samurai-themed open worlds, with exceptional art direction and sword combat.
A55: BOTTOM 50 • ESSENTIAL SECOND TIER
A56: 51 | B56: DOOM Eternal | C56: 2020 | D56: id Software / Bethesda | E56: FPS | F56: 88 | G56: 88 | H56: 9 | I56: 8 | J56: 94 | K56: =IF((COUNT(F56,G56,J56)+IF(H56="",0,1)+IF(I56="",0,1))=0,"",(SUM(F56,G56,J56)+IF(H56="",0,H56*10)+IF(I56="",0,I56*10))/(COUNT(F56,G56,J56)+IF(H56="",0,1)+IF(I56="",0,1))) -> 88 | L56: =10-((A56-1)*(3/99)) -> 8.4848485 | M56: Pushes modern FPS combat speed and mechanical depth to a remarkable level.
A57: 52 | B57: Star Wars Jedi: Survivor | C57: 2023 | D57: Respawn / EA | E57: Action-Adventure | F57: 85 | G57: 79 | H57: 9 | I57: 9 | J57: 85 | K57: =IF((COUNT(F57,G57,J57)+IF(H57="",0,1)+IF(I57="",0,1))=0,"",(SUM(F57,G57,J57)+IF(H57="",0,H57*10)+IF(I57="",0,I57*10))/(COUNT(F57,G57,J57)+IF(H57="",0,1)+IF(I57="",0,1))) -> 85.8 | L57: =10-((A57-1)*(3/99)) -> 8.4545455 | M57: A major modern Star Wars action-adventure with strong exploration, combat and cinematic production.
A58: 53 | B58: Death Stranding | C58: 2019 | D58: Kojima Productions / Sony | E58: Action / Adventure | F58: 82 | G58: 85 | H58: 6.8 | I58: 9 | J58: 83 | K58: =IF((COUNT(F58,G58,J58)+IF(H58="",0,1)+IF(I58="",0,1))=0,"",(SUM(F58,G58,J58)+IF(H58="",0,H58*10)+IF(I58="",0,I58*10))/(COUNT(F58,G58,J58)+IF(H58="",0,1)+IF(I58="",0,1))) -> 81.6 | L58: =10-((A58-1)*(3/99)) -> 8.4242424 | M58: A singular AAA experiment that became one of the medium's most discussed blockbuster releases.
A59: 54 | B59: Death Stranding 2: On the Beach | C59: 2025 | D59: Kojima Productions / Sony | E59: Action / Adventure | F59: 90 | G59: 90 | H59: 9 | I59: 9 | J59: 90 | K59: =IF((COUNT(F59,G59,J59)+IF(H59="",0,1)+IF(I59="",0,1))=0,"",(SUM(F59,G59,J59)+IF(H59="",0,H59*10)+IF(I59="",0,I59*10))/(COUNT(F59,G59,J59)+IF(H59="",0,1)+IF(I59="",0,1))) -> 90 | L59: =10-((A59-1)*(3/99)) -> 8.3939394 | M59: A major premium sequel with unusually ambitious production, traversal and cinematic presentation.
A60: 55 | B60: Final Fantasy VII Remake | C60: 2020 | D60: Square Enix | E60: Action RPG | F60: 87 | G60: 89 | H60: 8 | I60: 8 | J60: 80 | K60: =IF((COUNT(F60,G60,J60)+IF(H60="",0,1)+IF(I60="",0,1))=0,"",(SUM(F60,G60,J60)+IF(H60="",0,H60*10)+IF(I60="",0,I60*10))/(COUNT(F60,G60,J60)+IF(H60="",0,1)+IF(I60="",0,1))) -> 83.2 | L60: =10-((A60-1)*(3/99)) -> 8.3636364 | M60: A major modern blockbuster RPG remake with strong combat and iconic characters.
A61: 56 | B61: Final Fantasy XVI | C61: 2023 | D61: Square Enix | E61: Action RPG | F61: 87 | G61: 89 | H61: 9 | I61: 9 | J61: 80 | K61: =IF((COUNT(F61,G61,J61)+IF(H61="",0,1)+IF(I61="",0,1))=0,"",(SUM(F61,G61,J61)+IF(H61="",0,H61*10)+IF(I61="",0,I61*10))/(COUNT(F61,G61,J61)+IF(H61="",0,1)+IF(I61="",0,1))) -> 87.2 | L61: =10-((A61-1)*(3/99)) -> 8.3333333 | M61: High-production-value fantasy action with spectacular set pieces and a strong cinematic identity.
A62: 57 | B62: Final Fantasy XV | C62: 2016 | D62: Square Enix | E62: Open-world Action RPG | F62: 81 | G62: 82 | I62: 8 | J62: 85 | K62: =IF((COUNT(F62,G62,J62)+IF(H62="",0,1)+IF(I62="",0,1))=0,"",(SUM(F62,G62,J62)+IF(H62="",0,H62*10)+IF(I62="",0,I62*10))/(COUNT(F62,G62,J62)+IF(H62="",0,1)+IF(I62="",0,1))) -> 82 | L62: =10-((A62-1)*(3/99)) -> 8.3030303 | M62: A huge modern Final Fantasy road-trip RPG with a memorable world and blockbuster production.
A63: 58 | B63: Kingdom Hearts II | C63: 2005 | D63: Square Enix | E63: Action RPG | F63: 87 | H63: 9 | I63: 9 | K63: =IF((COUNT(F63,G63,J63)+IF(H63="",0,1)+IF(I63="",0,1))=0,"",(SUM(F63,G63,J63)+IF(H63="",0,H63*10)+IF(I63="",0,I63*10))/(COUNT(F63,G63,J63)+IF(H63="",0,1)+IF(I63="",0,1))) -> 89 | L63: =10-((A63-1)*(3/99)) -> 8.2727273 | M63: A major crossover action RPG with enduring mainstream recognition.
A64: 59 | B64: NieR:Automata | C64: 2017 | D64: PlatinumGames / Square Enix | E64: Action RPG | F64: 88 | G64: 84 | I64: 8 | J64: 87 | K64: =IF((COUNT(F64,G64,J64)+IF(H64="",0,1)+IF(I64="",0,1))=0,"",(SUM(F64,G64,J64)+IF(H64="",0,H64*10)+IF(I64="",0,I64*10))/(COUNT(F64,G64,J64)+IF(H64="",0,1)+IF(I64="",0,1))) -> 84.75 | L64: =10-((A64-1)*(3/99)) -> 8.2424242 | M64: A critically acclaimed action RPG known for philosophical storytelling and inventive structure.
A65: 60 | B65: Diablo II | C65: 2000 | D65: Blizzard | E65: Action RPG | F65: 88 | H65: 9 | I65: 9 | K65: =IF((COUNT(F65,G65,J65)+IF(H65="",0,1)+IF(I65="",0,1))=0,"",(SUM(F65,G65,J65)+IF(H65="",0,H65*10)+IF(I65="",0,I65*10))/(COUNT(F65,G65,J65)+IF(H65="",0,1)+IF(I65="",0,1))) -> 89.333333 | L65: =10-((A65-1)*(3/99)) -> 8.2121212 | M65: A foundational AAA action RPG with enormous influence on loot-driven game design.
A66: 61 | B66: Diablo IV | C66: 2023 | D66: Blizzard | E66: Action RPG | F66: 91 | G66: 90 | I66: 9 | J66: 86 | K66: =IF((COUNT(F66,G66,J66)+IF(H66="",0,1)+IF(I66="",0,1))=0,"",(SUM(F66,G66,J66)+IF(H66="",0,H66*10)+IF(I66="",0,I66*10))/(COUNT(F66,G66,J66)+IF(H66="",0,1)+IF(I66="",0,1))) -> 89.25 | L66: =10-((A66-1)*(3/99)) -> 8.1818182 | M66: A major modern live-service action RPG and one of Blizzard's biggest launches.
A67: 62 | B67: World of Warcraft | C67: 2004 | D67: Blizzard | E67: MMORPG | F67: 93 | H67: 9.5 | I67: 9 | K67: =IF((COUNT(F67,G67,J67)+IF(H67="",0,1)+IF(I67="",0,1))=0,"",(SUM(F67,G67,J67)+IF(H67="",0,H67*10)+IF(I67="",0,I67*10))/(COUNT(F67,G67,J67)+IF(H67="",0,1)+IF(I67="",0,1))) -> 92.666667 | L67: =10-((A67-1)*(3/99)) -> 8.1515152 | M67: A defining AAA MMO that reshaped online gaming and gaming culture.
A68: 63 | B68: StarCraft II: Wings of Liberty | C68: 2010 | D68: Blizzard | E68: RTS | F68: 93 | G68: 93 | I68: 9 | J68: 93 | K68: =IF((COUNT(F68,G68,J68)+IF(H68="",0,1)+IF(I68="",0,1))=0,"",(SUM(F68,G68,J68)+IF(H68="",0,H68*10)+IF(I68="",0,I68*10))/(COUNT(F68,G68,J68)+IF(H68="",0,1)+IF(I68="",0,1))) -> 92.25 | L68: =10-((A68-1)*(3/99)) -> 8.1212121 | M68: One of the definitive modern competitive strategy games with enormous production value and esports impact.
A69: 64 | B69: Warcraft III: Reign of Chaos | C69: 2002 | D69: Blizzard | E69: RTS | F69: 92 | H69: 9.5 | I69: 9 | K69: =IF((COUNT(F69,G69,J69)+IF(H69="",0,1)+IF(I69="",0,1))=0,"",(SUM(F69,G69,J69)+IF(H69="",0,H69*10)+IF(I69="",0,I69*10))/(COUNT(F69,G69,J69)+IF(H69="",0,1)+IF(I69="",0,1))) -> 92.333333 | L69: =10-((A69-1)*(3/99)) -> 8.0909091 | M69: A landmark AAA RTS with huge influence on strategy games and custom-map culture.
A70: 65 | B70: Overwatch | C70: 2016 | D70: Blizzard | E70: Hero Shooter | F70: 91 | G70: 91 | H70: 9.5 | I70: 9 | J70: 90 | K70: =IF((COUNT(F70,G70,J70)+IF(H70="",0,1)+IF(I70="",0,1))=0,"",(SUM(F70,G70,J70)+IF(H70="",0,H70*10)+IF(I70="",0,I70*10))/(COUNT(F70,G70,J70)+IF(H70="",0,1)+IF(I70="",0,1))) -> 91.4 | L70: =10-((A70-1)*(3/99)) -> 8.0606061 | M70: A major modern multiplayer blockbuster with influential character-driven FPS design.
A71: 66 | B71: Call of Duty: Modern Warfare 2 | C71: 2009 | D71: Infinity Ward / Activision | E71: FPS | F71: 94 | G71: 94 | H71: 9.5 | I71: 9.5 | K71: =IF((COUNT(F71,G71,J71)+IF(H71="",0,1)+IF(I71="",0,1))=0,"",(SUM(F71,G71,J71)+IF(H71="",0,H71*10)+IF(I71="",0,I71*10))/(COUNT(F71,G71,J71)+IF(H71="",0,1)+IF(I71="",0,1))) -> 94.5 | L71: =10-((A71-1)*(3/99)) -> 8.030303 | M71: One of the biggest shooter blockbusters of its era with huge cultural impact.
A72: 67 | B72: Call of Duty: Black Ops | C72: 2010 | D72: Treyarch / Activision | E72: FPS | F72: 88 | G72: 81 | H72: 9 | I72: 9 | K72: =IF((COUNT(F72,G72,J72)+IF(H72="",0,1)+IF(I72="",0,1))=0,"",(SUM(F72,G72,J72)+IF(H72="",0,H72*10)+IF(I72="",0,I72*10))/(COUNT(F72,G72,J72)+IF(H72="",0,1)+IF(I72="",0,1))) -> 87.25 | L72: =10-((A72-1)*(3/99)) -> 8 | M72: A hugely successful shooter with a memorable campaign and influential multiplayer.
A73: 68 | B73: Call of Duty: Black Ops II | C73: 2012 | D73: Treyarch / Activision | E73: FPS | F73: 83 | G73: 81 | H73: 9 | I73: 9 | J73: 85 | K73: =IF((COUNT(F73,G73,J73)+IF(H73="",0,1)+IF(I73="",0,1))=0,"",(SUM(F73,G73,J73)+IF(H73="",0,H73*10)+IF(I73="",0,I73*10))/(COUNT(F73,G73,J73)+IF(H73="",0,1)+IF(I73="",0,1))) -> 85.8 | L73: =10-((A73-1)*(3/99)) -> 7.969697 | M73: A mainstream AAA FPS with branching campaign choices and a major multiplayer legacy.
A74: 69 | B74: Battlefield 1 | C74: 2016 | D74: DICE / EA | E74: FPS | F74: 89 | G74: 87 | H74: 9 | I74: 8 | J74: 84 | K74: =IF((COUNT(F74,G74,J74)+IF(H74="",0,1)+IF(I74="",0,1))=0,"",(SUM(F74,G74,J74)+IF(H74="",0,H74*10)+IF(I74="",0,I74*10))/(COUNT(F74,G74,J74)+IF(H74="",0,1)+IF(I74="",0,1))) -> 86 | L74: =10-((A74-1)*(3/99)) -> 7.9393939 | M74: One of the strongest recent Battlefield entries, with exceptional audiovisual presentation.
A75: 70 | B75: Battlefield 3 | C75: 2011 | D75: DICE / EA | E75: FPS | F75: 85 | G75: 87 | H75: 9 | I75: 9 | K75: =IF((COUNT(F75,G75,J75)+IF(H75="",0,1)+IF(I75="",0,1))=0,"",(SUM(F75,G75,J75)+IF(H75="",0,H75*10)+IF(I75="",0,I75*10))/(COUNT(F75,G75,J75)+IF(H75="",0,1)+IF(I75="",0,1))) -> 88 | L75: =10-((A75-1)*(3/99)) -> 7.9090909 | M75: A hugely influential modern military shooter and major multiplayer-era blockbuster.
A76: 71 | B76: Battlefield 4 | C76: 2013 | D76: DICE / EA | E76: FPS | F76: 81 | G76: 84 | H76: 8.5 | I76: 8 | K76: =IF((COUNT(F76,G76,J76)+IF(H76="",0,1)+IF(I76="",0,1))=0,"",(SUM(F76,G76,J76)+IF(H76="",0,H76*10)+IF(I76="",0,I76*10))/(COUNT(F76,G76,J76)+IF(H76="",0,1)+IF(I76="",0,1))) -> 82.5 | L76: =10-((A76-1)*(3/99)) -> 7.8787879 | M76: A large-scale multiplayer FPS that remains a core modern Battlefield experience.
A77: 72 | B77: Metal Gear Solid V: The Phantom Pain | C77: 2015 | D77: Kojima Productions / Konami | E77: Open-world Action | F77: 95 | G77: 91 | H77: 10 | I77: 10 | J77: 95 | K77: =IF((COUNT(F77,G77,J77)+IF(H77="",0,1)+IF(I77="",0,1))=0,"",(SUM(F77,G77,J77)+IF(H77="",0,H77*10)+IF(I77="",0,I77*10))/(COUNT(F77,G77,J77)+IF(H77="",0,1)+IF(I77="",0,1))) -> 96.2 | L77: =10-((A77-1)*(3/99)) -> 7.8484848 | M77: A technically ambitious open-world stealth game with extraordinary systems and freedom.
A78: 73 | B78: Hitman: World of Assassination | C78: 2016 | D78: IO Interactive | E78: Stealth / Action | F78: 85 | G78: 84 | H78: 9 | I78: 8 | J78: 88 | K78: =IF((COUNT(F78,G78,J78)+IF(H78="",0,1)+IF(I78="",0,1))=0,"",(SUM(F78,G78,J78)+IF(H78="",0,H78*10)+IF(I78="",0,I78*10))/(COUNT(F78,G78,J78)+IF(H78="",0,1)+IF(I78="",0,1))) -> 85.4 | L78: =10-((A78-1)*(3/99)) -> 7.8181818 | M78: A modern stealth sandbox with extraordinary systemic freedom and replayability.
A79: 74 | B79: Dishonored 2 | C79: 2016 | D79: Arkane / Bethesda | E79: Immersive Sim / Action | F79: 88 | G79: 88 | H79: 9 | I79: 9 | J79: 88 | K79: =IF((COUNT(F79,G79,J79)+IF(H79="",0,1)+IF(I79="",0,1))=0,"",(SUM(F79,G79,J79)+IF(H79="",0,H79*10)+IF(I79="",0,I79*10))/(COUNT(F79,G79,J79)+IF(H79="",0,1)+IF(I79="",0,1))) -> 88.8 | L79: =10-((A79-1)*(3/99)) -> 7.7878788 | M79: Deepens the original's systemic stealth/action sandbox with excellent level design.
A80: 75 | B80: Prey | C80: 2017 | D80: Arkane / Bethesda | E80: Immersive Sim / FPS | F80: 84 | G80: 82 | H80: 8 | I80: 8 | J80: 84 | K80: =IF((COUNT(F80,G80,J80)+IF(H80="",0,1)+IF(I80="",0,1))=0,"",(SUM(F80,G80,J80)+IF(H80="",0,H80*10)+IF(I80="",0,I80*10))/(COUNT(F80,G80,J80)+IF(H80="",0,1)+IF(I80="",0,1))) -> 82 | L80: =10-((A80-1)*(3/99)) -> 7.7575758 | M80: A cult AAA immersive sim with outstanding atmosphere, exploration and systemic problem-solving.
A81: 76 | B81: The Evil Within 2 | C81: 2017 | D81: Tango Gameworks / Bethesda | E81: Survival Horror | F81: 82 | G81: 80 | H81: 8 | I81: 8 | J81: 80 | K81: =IF((COUNT(F81,G81,J81)+IF(H81="",0,1)+IF(I81="",0,1))=0,"",(SUM(F81,G81,J81)+IF(H81="",0,H81*10)+IF(I81="",0,I81*10))/(COUNT(F81,G81,J81)+IF(H81="",0,1)+IF(I81="",0,1))) -> 80.4 | L81: =10-((A81-1)*(3/99)) -> 7.7272727 | M81: A strong modern survival-horror sequel that balances open exploration and horror.
A82: 77 | B82: Resident Evil 7: Biohazard | C82: 2017 | D82: Capcom | E82: Survival Horror | F82: 86 | G82: 86 | H82: 7.7 | I82: 8 | J82: 89 | K82: =IF((COUNT(F82,G82,J82)+IF(H82="",0,1)+IF(I82="",0,1))=0,"",(SUM(F82,G82,J82)+IF(H82="",0,H82*10)+IF(I82="",0,I82*10))/(COUNT(F82,G82,J82)+IF(H82="",0,1)+IF(I82="",0,1))) -> 83.6 | L82: =10-((A82-1)*(3/99)) -> 7.6969697 | M82: A first-person reinvention of Resident Evil that brought major mainstream attention back to horror.
A83: 78 | B83: Resident Evil 3 | C83: 2020 | D83: Capcom | E83: Survival Horror | F83: 79 | G83: 84 | H83: 9 | I83: 6 | J83: 77 | K83: =IF((COUNT(F83,G83,J83)+IF(H83="",0,1)+IF(I83="",0,1))=0,"",(SUM(F83,G83,J83)+IF(H83="",0,H83*10)+IF(I83="",0,I83*10))/(COUNT(F83,G83,J83)+IF(H83="",0,1)+IF(I83="",0,1))) -> 78 | L83: =10-((A83-1)*(3/99)) -> 7.6666667 | M83: A polished modern remake with strong presentation, though shorter and less expansive than RE2.
A84: 79 | B84: Resident Evil Village | C84: 2021 | D84: Capcom | E84: Survival Horror / Action | F84: 84 | G84: 84 | H84: 8 | I84: 8 | J84: 80 | K84: =IF((COUNT(F84,G84,J84)+IF(H84="",0,1)+IF(I84="",0,1))=0,"",(SUM(F84,G84,J84)+IF(H84="",0,H84*10)+IF(I84="",0,I84*10))/(COUNT(F84,G84,J84)+IF(H84="",0,1)+IF(I84="",0,1))) -> 81.6 | L84: =10-((A84-1)*(3/99)) -> 7.6363636 | M84: A blockbuster horror-action hybrid with memorable atmosphere and production.
A85: 80 | B85: Resident Evil 5 | C85: 2009 | D85: Capcom | E85: Action / Survival Horror | F85: 84 | G85: 76 | H85: 8.5 | I85: 8 | K85: =IF((COUNT(F85,G85,J85)+IF(H85="",0,1)+IF(I85="",0,1))=0,"",(SUM(F85,G85,J85)+IF(H85="",0,H85*10)+IF(I85="",0,I85*10))/(COUNT(F85,G85,J85)+IF(H85="",0,1)+IF(I85="",0,1))) -> 81.25 | L85: =10-((A85-1)*(3/99)) -> 7.6060606 | M85: A major co-op action title and one of the franchise's most commercially significant releases.
A86: 81 | B86: Shadow of Mordor | C86: 2014 | D86: Monolith / WB Games | E86: Open-world Action | F86: 84 | G86: 84 | H86: 9.3 | I86: 8 | J86: 79 | K86: =IF((COUNT(F86,G86,J86)+IF(H86="",0,1)+IF(I86="",0,1))=0,"",(SUM(F86,G86,J86)+IF(H86="",0,H86*10)+IF(I86="",0,I86*10))/(COUNT(F86,G86,J86)+IF(H86="",0,1)+IF(I86="",0,1))) -> 84 | L86: =10-((A86-1)*(3/99)) -> 7.5757576 | M86: Introduced the influential Nemesis system to a mainstream open-world action formula.
A87: 82 | B87: Middle-earth: Shadow of War | C87: 2017 | D87: Monolith / WB Games | E87: Open-world Action | F87: 80 | G87: 80 | H87: 8 | I87: 7.5 | J87: 81 | K87: =IF((COUNT(F87,G87,J87)+IF(H87="",0,1)+IF(I87="",0,1))=0,"",(SUM(F87,G87,J87)+IF(H87="",0,H87*10)+IF(I87="",0,I87*10))/(COUNT(F87,G87,J87)+IF(H87="",0,1)+IF(I87="",0,1))) -> 79.2 | L87: =10-((A87-1)*(3/99)) -> 7.5454545 | M87: Expanded the Nemesis system into a huge open-world action sequel.
A88: 83 | B88: Hogwarts Legacy | C88: 2023 | D88: Avalanche Software / WB Games | E88: Open-world Action RPG | F88: 84 | G88: 84 | H88: 9 | I88: 8 | J88: 85 | K88: =IF((COUNT(F88,G88,J88)+IF(H88="",0,1)+IF(I88="",0,1))=0,"",(SUM(F88,G88,J88)+IF(H88="",0,H88*10)+IF(I88="",0,I88*10))/(COUNT(F88,G88,J88)+IF(H88="",0,1)+IF(I88="",0,1))) -> 84.6 | L88: =10-((A88-1)*(3/99)) -> 7.5151515 | M88: A major mainstream fantasy open world with huge audience reach and production scale.
A89: 84 | B89: Marvel's Spider-Man 2 | C89: 2023 | D89: Insomniac / Sony | E89: Open-world Action-Adventure | F89: 90 | G89: 90 | H89: 8 | I89: 8 | J89: 89 | K89: =IF((COUNT(F89,G89,J89)+IF(H89="",0,1)+IF(I89="",0,1))=0,"",(SUM(F89,G89,J89)+IF(H89="",0,H89*10)+IF(I89="",0,I89*10))/(COUNT(F89,G89,J89)+IF(H89="",0,1)+IF(I89="",0,1))) -> 85.8 | L89: =10-((A89-1)*(3/99)) -> 7.4848485 | M89: A major superhero sequel with high-end presentation, traversal and combat.
A90: 85 | B90: Ratchet & Clank: Rift Apart | C90: 2021 | D90: Insomniac / Sony | E90: Action-Platformer | F90: 88 | G90: 89 | H90: 9 | I90: 9 | J90: 85 | K90: =IF((COUNT(F90,G90,J90)+IF(H90="",0,1)+IF(I90="",0,1))=0,"",(SUM(F90,G90,J90)+IF(H90="",0,H90*10)+IF(I90="",0,I90*10))/(COUNT(F90,G90,J90)+IF(H90="",0,1)+IF(I90="",0,1))) -> 88.4 | L90: =10-((A90-1)*(3/99)) -> 7.4545455 | M90: A showcase of modern AAA platform-action presentation, visuals and seamless world transitions.
A91: 86 | B91: Returnal | C91: 2021 | D91: Housemarque / Sony | E91: Third-person Roguelike Shooter | F91: 86 | G91: 85 | H91: 9 | I91: 8 | J91: 88 | K91: =IF((COUNT(F91,G91,J91)+IF(H91="",0,1)+IF(I91="",0,1))=0,"",(SUM(F91,G91,J91)+IF(H91="",0,H91*10)+IF(I91="",0,I91*10))/(COUNT(F91,G91,J91)+IF(H91="",0,1)+IF(I91="",0,1))) -> 85.8 | L91: =10-((A91-1)*(3/99)) -> 7.4242424 | M91: A premium PlayStation action game with demanding combat, atmosphere and exceptional audiovisual production.
A92: 87 | B92: Deathloop | C92: 2021 | D92: Arkane / Bethesda | E92: FPS / Immersive Sim | F92: 89 | G92: 87 | H92: 10 | I92: 10 | J92: 91 | K92: =IF((COUNT(F92,G92,J92)+IF(H92="",0,1)+IF(I92="",0,1))=0,"",(SUM(F92,G92,J92)+IF(H92="",0,H92*10)+IF(I92="",0,I92*10))/(COUNT(F92,G92,J92)+IF(H92="",0,1)+IF(I92="",0,1))) -> 93.4 | L92: =10-((A92-1)*(3/99)) -> 7.3939394 | M92: An ambitious time-loop immersive sim that earned major critical acclaim.
A93: 88 | B93: Days Gone | C93: 2019 | D93: Bend Studio / Sony | E93: Open-world Action | F93: 71 | G93: 76 | H93: 6.5 | I93: 5 | J93: 74 | K93: =IF((COUNT(F93,G93,J93)+IF(H93="",0,1)+IF(I93="",0,1))=0,"",(SUM(F93,G93,J93)+IF(H93="",0,H93*10)+IF(I93="",0,I93*10))/(COUNT(F93,G93,J93)+IF(H93="",0,1)+IF(I93="",0,1))) -> 67.2 | L93: =10-((A93-1)*(3/99)) -> 7.3636364 | M93: A big-budget open world with strong atmosphere and a persistent motorcycle-focused identity.
A94: 89 | B94: The Division | C94: 2016 | D94: Massive / Ubisoft | E94: Online Action RPG / Shooter | F94: 80 | G94: 80 | H94: 6.7 | I94: 6 | J94: 74 | K94: =IF((COUNT(F94,G94,J94)+IF(H94="",0,1)+IF(I94="",0,1))=0,"",(SUM(F94,G94,J94)+IF(H94="",0,H94*10)+IF(I94="",0,I94*10))/(COUNT(F94,G94,J94)+IF(H94="",0,1)+IF(I94="",0,1))) -> 72.2 | L94: =10-((A94-1)*(3/99)) -> 7.3333333 | M94: A major online AAA shooter built around a detailed recreation of New York.
A95: 90 | B95: The Division 2 | C95: 2019 | D95: Massive / Ubisoft | E95: Online Action RPG / Shooter | F95: 84 | G95: 84 | H95: 8.5 | I95: 8 | J95: 84 | K95: =IF((COUNT(F95,G95,J95)+IF(H95="",0,1)+IF(I95="",0,1))=0,"",(SUM(F95,G95,J95)+IF(H95="",0,H95*10)+IF(I95="",0,I95*10))/(COUNT(F95,G95,J95)+IF(H95="",0,1)+IF(I95="",0,1))) -> 83.4 | L95: =10-((A95-1)*(3/99)) -> 7.3030303 | M95: A refined looter-shooter with an unusually detailed urban open world.
A96: 91 | B96: Assassin's Creed Origins | C96: 2017 | D96: Ubisoft Montreal / Ubisoft | E96: Open-world Action RPG | F96: 81 | G96: 81 | H96: 8.5 | I96: 8 | J96: 80 | K96: =IF((COUNT(F96,G96,J96)+IF(H96="",0,1)+IF(I96="",0,1))=0,"",(SUM(F96,G96,J96)+IF(H96="",0,H96*10)+IF(I96="",0,I96*10))/(COUNT(F96,G96,J96)+IF(H96="",0,1)+IF(I96="",0,1))) -> 81.4 | L96: =10-((A96-1)*(3/99)) -> 7.2727273 | M96: A major reboot that shifted Assassin's Creed into a larger RPG framework.
A97: 92 | B97: Assassin's Creed Odyssey | C97: 2018 | D97: Ubisoft Quebec / Ubisoft | E97: Open-world Action RPG | F97: 85 | G97: 87 | H97: 8.5 | I97: 7.5 | J97: 83 | K97: =IF((COUNT(F97,G97,J97)+IF(H97="",0,1)+IF(I97="",0,1))=0,"",(SUM(F97,G97,J97)+IF(H97="",0,H97*10)+IF(I97="",0,I97*10))/(COUNT(F97,G97,J97)+IF(H97="",0,1)+IF(I97="",0,1))) -> 83 | L97: =10-((A97-1)*(3/99)) -> 7.2424242 | M97: A huge ancient-Greece RPG with substantial exploration and choice.
... A105: 100 | B105: L.A. Noire | C105: 2011 | D105: Team Bondi / Rockstar Games | E105: Action-Adventure / Detective | F105: 83 | G105: 83 | H105: 8.5 | I105: 7.5 | J105: 82 | K105: =IF((COUNT(F105,G105,J105)+IF(H105="",0,1)+IF(I105="",0,1))=0,"",(SUM(F105,G105,J105)+IF(H105="",0,H105*10)+IF(I105="",0,I105*10))/(COUNT(F105,G105,J105)+IF(H105="",0,1)+IF(I105="",0,1))) -> 81.6 | L105: =10-((A105-1)*(3/99)) -> 7 | M105: A distinctive Rockstar-era AAA detective adventure with facial-performance technology and strong atmosphere.

Sheet Posters
A1: BIG-TITLE POSTERS
A2: Representative covers; one version per title.
A4: Red Dead Redemption 2 | E4: Mass Effect 2
A19: Grand Theft Auto V | E19: God of War
A34: BioShock | E34: The Witcher 3: Wild Hunt
A49: The Last of Us | E49: Elden Ring
A64: Clair Obscur: Expedition 33

Sheet Timeline
A1: AAA TOP 100 — RELEASE TIMELINE
A3: Year | B3: Rank | C3: Game | D3: Tier | E3: Year | F3: Rank | G3: Game | H3: Tier
A4: 2000 | B4: 22 | C4: Baldur's Gate II: Shadows of Amn | D4: TOP 50 | E4: 2016 | F4: 41 | G4: Titanfall 2 | H4: TOP 50
A5: 2000 | B5: 59 | C5: Diablo II | D5: BOTTOM 50 | E5: 2016 | F5: 56 | G5: Final Fantasy XV | H5: BOTTOM 50
A6: 2002 | B6: 45 | C6: Grand Theft Auto: Vice City | D6: TOP 50 | E6: 2016 | F6: 64 | G6: Overwatch | H6: BOTTOM 50
A7: 2002 | B7: 63 | C7: Warcraft III: Reign of Chaos | D7: BOTTOM 50 | E7: 2016 | F7: 68 | G7: Battlefield 1 | H7: BOTTOM 50
A8: 2003 | B8: 30 | C8: Star Wars: Knights of the Old Republic | D8: TOP 50 | E8: 2016 | F8: 73 | G8: Hitman: World of Assassination | H8: BOTTOM 50
A9: 2004 | B9: 19 | C9: Grand Theft Auto: San Andreas | D9: TOP 50 | E9: 2016 | F9: 74 | G9: Dishonored 2 | H9: BOTTOM 50
A10: 2004 | B10: 25 | C10: Half-Life 2 | D10: TOP 50 | E10: 2016 | F10: 88 | G10: The Division | H10: BOTTOM 50
A11: 2004 | B11: 31 | C11: Metal Gear Solid 3: Snake Eater | D11: TOP 50 | E11: 2016 | F11: 93 | G11: Watch Dogs 2 | H11: BOTTOM 50
A12: 2004 | B12: 61 | C12: World of Warcraft | D12: BOTTOM 50 | E12: 2017 | F12: 27 | G12: Resident Evil 7: Biohazard | H12: TOP 50
A13: 2005 | B13: 57 | C13: Kingdom Hearts II | D13: BOTTOM 50 | E13: 2017 | F13: 42 | G13: Star Wars Battlefront II | H13: TOP 50
A14: 2006 | B14: 35 | C14: The Elder Scrolls IV: Oblivion | D14: TOP 50 | E14: 2017 | F14: 47 | G14: Horizon Zero Dawn | H14: TOP 50
A15: 2007 | B15: 5 | C15: BioShock | D15: TOP 50 | E15: 2017 | F15: 58 | G15: NieR:Automata | H15: BOTTOM 50
... A53: 2016 | B53: 16 | C53: Uncharted 4: A Thief's End | D53: TOP 50 | E53: 2025 | F53: 53 | G53: Death Stranding 2: On the Beach | H53: BOTTOM 50

Sheet Methodology
A3: Scope | B3: Mainstream AAA / blockbuster / major-publisher flagship games, plus a small number of AAA-caliber premium exceptions that clearly belong in an essential modern-gaming list. Nintendo excluded. | D3: Rank | E3: Game | F3: Year
A4: Ranking | B4: Curated must-play ranking, not a raw Metacritic leaderboard. | D4: 1 | E4: Red Dead Redemption 2 | F4: 2018
A5: Primary ranking signals | B5: Critical acclaim, lasting reputation, industry influence, cultural impact, design quality, production ambition and “must-play” status. | D5: 2 | E5: Mass Effect 2 | F5: 2010
A6: Top 50 vs Bottom 50 | B6: Ranks 1–50 are the core list. Ranks 51–100 are the next essential tier and are separated below. | D6: 3 | E6: The Witcher 3: Wild Hunt | F6: 2015
A7: Review scores | B7: Native scales are retained where practical: /100 for Metacritic/PC Gamer and /10 for IGN/GameSpot. | D7: 4 | E7: Grand Theft Auto V | F7: 2013
A8: PC scores | B8: Metacritic PC is separated where a distinct PC metascore exists; blanks mean no separate value was carried into this snapshot. | D8: 5 | E8: BioShock | F8: 2007
A9: Normalized Avg /100 | B9: Converts /10 scores to /100 and averages available numeric critic scores. Supporting metric only. | D9: 6 | E9: God of War | F9: 2018
A10: my rating(based on rank) | B10: Rank 1 = 10.0; Rank 100 = 7.0, linearly decreasing across all 100 ranks. It reflects the curated ranking, not a separate review. | D10: 7 | E10: The Last of Us | F10: 2013
A11: Nintendo | B11: No Nintendo titles are included, so there is no redundant Yes/No column. | D11: 8 | E11: Grand Theft Auto IV | F11: 2008
D12: 9 | E12: Red Dead Redemption | F12: 2010
D13: 10 | E13: Mass Effect | F13: 2007

Sheet Sortable Ratings
A1: Rank | B1: Game | C1: Metacritic /100 | D1: Metacritic PC /100 | E1: IGN /10 | F1: GameSpot /10 | G1: PC Gamer /100 | H1: Normalized Avg /100 | I1: My rating
A2: ='AAA Top 50'!A5 -> 1 | B2: ='AAA Top 50'!B5 -> Red Dead Redemption 2 | C2: ='AAA Top 50'!F5 -> 97 | D2: ='AAA Top 50'!G5 -> 93 | E2: ='AAA Top 50'!H5 -> 10 | F2: ='AAA Top 50'!I5 -> 9 | G2: ='AAA Top 50'!J5 -> 0 | H2: ='AAA Top 50'!K5 -> 95 | I2: ='AAA Top 50'!L5 -> 10
A3: ='AAA Top 50'!A6 -> 2 | B3: ='AAA Top 50'!B6 -> Mass Effect 2 | C3: ='AAA Top 50'!F6 -> 96 | D3: ='AAA Top 50'!G6 -> 94 | E3: ='AAA Top 50'!H6 -> 9.6 | F3: ='AAA Top 50'!I6 -> 9 | G3: ='AAA Top 50'!J6 -> 90 | H3: ='AAA Top 50'!K6 -> 93.2 | I3: ='AAA Top 50'!L6 -> 9.969697
A4: ='AAA Top 50'!A7 -> 3 | B4: ='AAA Top 50'!B7 -> The Witcher 3: Wild Hunt | C4: ='AAA Top 50'!F7 -> 92 | D4: ='AAA Top 50'!G7 -> 93 | E4: ='AAA Top 50'!H7 -> 9.3 | F4: ='AAA Top 50'!I7 -> 9 | G4: ='AAA Top 50'!J7 -> 92 | H4: ='AAA Top 50'!K7 -> 92 | I4: ='AAA Top 50'!L7 -> 9.9 (AI – not played)
A5: ='AAA Top 50'!A8 -> 4 | B5: ='AAA Top 50'!B8 -> God of War | C5: ='AAA Top 50'!F8 -> 94 | D5: ='AAA Top 50'!G8 -> 90 | E5: ='AAA Top 50'!H8 -> 10 | F5: ='AAA Top 50'!I8 -> 9 | G5: ='AAA Top 50'!J8 -> 90 | H5: ='AAA Top 50'!K8 -> 92.8 | I5: ='AAA Top 50'!L8 -> 9.9090909
A6: ='AAA Top 50'!A9 -> 5 | B6: ='AAA Top 50'!B9 -> The Last of Us | C6: ='AAA Top 50'!F9 -> 95 | D6: ='AAA Top 50'!G9 -> 0 | E6: ='AAA Top 50'!H9 -> 10 | F6: ='AAA Top 50'!I9 -> 8 | G6: ='AAA Top 50'!J9 -> 0 | H6: ='AAA Top 50'!K9 -> 91.666667 | I6: ='AAA Top 50'!L9 -> 9.8787879
A7: ='AAA Top 50'!A10 -> 6 | B7: ='AAA Top 50'!B10 -> Grand Theft Auto V | C7: ='AAA Top 50'!F10 -> 97 | D7: ='AAA Top 50'!G10 -> 96 | E7: ='AAA Top 50'!H10 -> 10 | F7: ='AAA Top 50'!I10 -> 9 | G7: ='AAA Top 50'!J10 -> 93 | H7: ='AAA Top 50'!K10 -> 95.2 | I7: ='AAA Top 50'!L10 -> 9.8484848
A8: ='AAA Top 50'!A11 -> 7 | B8: ='AAA Top 50'!B11 -> Grand Theft Auto IV | C8: ='AAA Top 50'!F11 -> 98 | D8: ='AAA Top 50'!G11 -> 90 | E8: ='AAA Top 50'!H11 -> 0 | F8: ='AAA Top 50'!I11 -> 10 | G8: ='AAA Top 50'!J11 -> 0 | H8: ='AAA Top 50'!K11 -> 96 | I8: ='AAA Top 50'!L11 -> 9.8
A9: ='AAA Top 50'!A12 -> 8 | B9: ='AAA Top 50'!B12 -> Red Dead Redemption | C9: ='AAA Top 50'!F12 -> 95 | D9: ='AAA Top 50'!G12 -> 0 | E9: ='AAA Top 50'!H12 -> 9.7 | F9: ='AAA Top 50'!I12 -> 9.5 | G9: ='AAA Top 50'!J12 -> 0 | H9: ='AAA Top 50'!K12 -> 95.666667 | I9: ='AAA Top 50'!L12 -> 9.7878788
A10: ='AAA Top 50'!A13 -> 9 | B10: ='AAA Top 50'!B13 -> BioShock | C10: ='AAA Top 50'!F13 -> 96 | D10: ='AAA Top 50'!G13 -> 96 | E10: ='AAA Top 50'!H13 -> 0 | F10: ='AAA Top 50'!I13 -> 9 | G10: ='AAA Top 50'!J13 -> 94 | H10: ='AAA Top 50'!K13 -> 94 | I10: ='AAA Top 50'!L13 -> 9.7575758
A11: ='AAA Top 50'!A14 -> 10 | B11: ='AAA Top 50'!B14 -> Mass Effect | C11: ='AAA Top 50'!F14 -> 91 | D11: ='AAA Top 50'!G14 -> 0 | E11: ='AAA Top 50'!H14 -> 0 | F11: ='AAA Top 50'!I14 -> 8.5 | G11: ='AAA Top 50'!J14 -> 85 | H11: ='AAA Top 50'!K14 -> 87 | I11: ='AAA Top 50'!L14 -> 9.7272727
A12: ='AAA Top 50'!A15 -> 11 | B12: ='AAA Top 50'!B15 -> The Elder Scrolls V: Skyrim | C12: ='AAA Top 50'!F15 -> 96 | D12: ='AAA Top 50'!G15 -> 94 | E12: ='AAA Top 50'!H15 -> 9.5 | F12: ='AAA Top 50'!I15 -> 9.5 | G12: ='AAA Top 50'!J15 -> 94 | H12: ='AAA Top 50'!K15 -> 94.8 | I12: ='AAA Top 50'!L15 -> 9.7 (AI – not played)
A13: ='AAA Top 50'!A16 -> 12 | B13: ='AAA Top 50'!B16 -> Baldur's Gate 3 | C13: ='AAA Top 50'!F16 -> 96 | D13: ='AAA Top 50'!G16 -> 96 | E13: ='AAA Top 50'!H16 -> 10 | F13: ='AAA Top 50'!I16 -> 10 | G13: ='AAA Top 50'!J16 -> 97 | H13: ='AAA Top 50'!K16 -> 97.8 | I13: ='AAA Top 50'!L16 -> 9.7 (AI – not played)
... A51: ='AAA Top 50'!A54 -> 50 | B51: ='AAA Top 50'!B54 -> Ghost of Tsushima | C51: ='AAA Top 50'!F54 -> 83 | D51: ='AAA Top 50'!G54 -> 87 | E51: ='AAA Top 50'!H54 -> 9 | F51: ='AAA Top 50'!I54 -> 7 | G51: ='AAA Top 50'!J54 -> 87 | H51: ='AAA Top 50'!K54 -> 83.4 | I51: ='AAA Top 50'!L54 -> 8.5151515
A52: ='AAA Top 50'!A56 -> 51 | B52: ='AAA Top 50'!B56 -> DOOM Eternal | C52: ='AAA Top 50'!F56 -> 88 | D52: ='AAA Top 50'!G56 -> 88 | E52: ='AAA Top 50'!H56 -> 9 | F52: ='AAA Top 50'!I56 -> 8 | G52: ='AAA Top 50'!J56 -> 94 | H52: ='AAA Top 50'!K56 -> 88 | I52: ='AAA Top 50'!L56 -> 8.4848485
A53: ='AAA Top 50'!A57 -> 52 | B53: ='AAA Top 50'!B57 -> Star Wars Jedi: Survivor | C53: ='AAA Top 50'!F57 -> 85 | D53: ='AAA Top 50'!G57 -> 79 | E53: ='AAA Top 50'!H57 -> 9 | F53: ='AAA Top 50'!I57 -> 9 | G53: ='AAA Top 50'!J57 -> 85 | H53: ='AAA Top 50'!K57 -> 85.8 | I53: ='AAA Top 50'!L57 -> 8.4545455
A54: ='AAA Top 50'!A58 -> 53 | B54: ='AAA Top 50'!B58 -> Death Stranding | C54: ='AAA Top 50'!F58 -> 82 | D54: ='AAA Top 50'!G58 -> 85 | E54: ='AAA Top 50'!H58 -> 6.8 | F54: ='AAA Top 50'!I58 -> 9 | G54: ='AAA Top 50'!J58 -> 83 | H54: ='AAA Top 50'!K58 -> 81.6 | I54: ='AAA Top 50'!L58 -> 8.4242424
A55: ='AAA Top 50'!A59 -> 54 | B55: ='AAA Top 50'!B59 -> Death Stranding 2: On the Beach | C55: ='AAA Top 50'!F59 -> 90 | D55: ='AAA Top 50'!G59 -> 90 | E55: ='AAA Top 50'!H59 -> 9 | F55: ='AAA Top 50'!I59 -> 9 | G55: ='AAA Top 50'!J59 -> 90 | H55: ='AAA Top 50'!K59 -> 90 | I55: ='AAA Top 50'!L59 -> 8.3939394
A56: ='AAA Top 50'!A60 -> 55 | B56: ='AAA Top 50'!B60 -> Final Fantasy VII Remake | C56: ='AAA Top 50'!F60 -> 87 | D56: ='AAA Top 50'!G60 -> 89 | E56: ='AAA Top 50'!H60 -> 8 | F56: ='AAA Top 50'!I60 -> 8 | G56: ='AAA Top 50'!J60 -> 80 | H56: ='AAA Top 50'!K60 -> 83.2 | I56: ='AAA Top 50'!L60 -> 8.3636364
A57: ='AAA Top 50'!A61 -> 56 | B57: ='AAA Top 50'!B61 -> Final Fantasy XVI | C57: ='AAA Top 50'!F61 -> 87 | D57: ='AAA Top 50'!G61 -> 89 | E57: ='AAA Top 50'!H61 -> 9 | F57: ='AAA Top 50'!I61 -> 9 | G57: ='AAA Top 50'!J61 -> 80 | H57: ='AAA Top 50'!K61 -> 87.2 | I57: ='AAA Top 50'!L61 -> 8.3333333
A58: ='AAA Top 50'!A62 -> 57 | B58: ='AAA Top 50'!B62 -> Final Fantasy XV | C58: ='AAA Top 50'!F62 -> 81 | D58: ='AAA Top 50'!G62 -> 82 | E58: ='AAA Top 50'!H62 -> 0 | F58: ='AAA Top 50'!I62 -> 8 | G58: ='AAA Top 50'!J62 -> 85 | H58: ='AAA Top 50'!K62 -> 82 | I58: ='AAA Top 50'!L62 -> 8.3030303
A59: ='AAA Top 50'!A63 -> 58 | B59: ='AAA Top 50'!B63 -> Kingdom Hearts II | C59: ='AAA Top 50'!F63 -> 87 | D59: ='AAA Top 50'!G63 -> 0 | E59: ='AAA Top 50'!H63 -> 9 | F59: ='AAA Top 50'!I63 -> 9 | G59: ='AAA Top 50'!J63 -> 0 | H59: ='AAA Top 50'!K63 -> 89 | I59: ='AAA Top 50'!L63 -> 8.2727273
A60: ='AAA Top 50'!A64 -> 59 | B60: ='AAA Top 50'!B64 -> NieR:Automata | C60: ='AAA Top 50'!F64 -> 88 | D60: ='AAA Top 50'!G64 -> 84 | E60: ='AAA Top 50'!H64 -> 0 | F60: ='AAA Top 50'!I64 -> 8 | G60: ='AAA Top 50'!J64 -> 87 | H60: ='AAA Top 50'!K64 -> 84.75 | I60: ='AAA Top 50'!L64 -> 8.2424242
A61: ='AAA Top 50'!A65 -> 60 | B61: ='AAA Top 50'!B65 -> Diablo II | C61: ='AAA Top 50'!F65 -> 88 | D61: ='AAA Top 50'!G65 -> 0 | E61: ='AAA Top 50'!H65 -> 9 | F61: ='AAA Top 50'!I65 -> 9 | G61: ='AAA Top 50'!J65 -> 0 | H61: ='AAA Top 50'!K65 -> 89.333333 | I61: ='AAA Top 50'!L65 -> 8.2121212
A62: ='AAA Top 50'!A66 -> 61 | B62: ='AAA Top 50'!B66 -> Diablo IV | C62: ='AAA Top 50'!F66 -> 91 | D62: ='AAA Top 50'!G66 -> 90 | E62: ='AAA Top 50'!H66 -> 0 | F62: ='AAA Top 50'!I66 -> 9 | G62: ='AAA Top 50'!J66 -> 86 | H62: ='AAA Top 50'!K66 -> 89.25 | I62: ='AAA Top 50'!L66 -> 8.1818182
A63: ='AAA Top 50'!A67 -> 62 | B63: ='AAA Top 50'!B67 -> World of Warcraft | C63: ='AAA Top 50'!F67 -> 93 | D63: ='AAA Top 50'!G67 -> 0 | E63: ='AAA Top 50'!H67 -> 9.5 | F63: ='AAA Top 50'!I67 -> 9 | G63: ='AAA Top 50'!J67 -> 0 | H63: ='AAA Top 50'!K67 -> 92.666667 | I63: ='AAA Top 50'!L67 -> 8.1515152
... A101: ='AAA Top 50'!A105 -> 100 | B101: ='AAA Top 50'!B105 -> L.A. Noire | C101: ='AAA Top 50'!F105 -> 83 | D101: ='AAA Top 50'!G105 -> 83 | E101: ='AAA Top 50'!H105 -> 8.5 | F101: ='AAA Top 50'!I105 -> 7.5 | G101: ='AAA Top 50'!J105 -> 82 | H101: ='AAA Top 50'!K105 -> 81.6 | I101: ='AAA Top 50'!L105 -> 7
