Workbook

Sheet Start Here
A1: PLAY 100
A3: A collection worth making time for.
A6: 100 essential gaming experiences, in your curated order. A core 50. A next-essential 50. One collection.
K10: 01 / RED DEAD REDEMPTION 2
A12: 100 | E12: 50 + 50 | I12: 2000–2026 | M12: 100
A14: CURATED ENTRIES | E14: CORE + ESSENTIAL | I14: SOURCE YEARS | M14: SUPPLIED COVERS
A16: EXPLORE THE COLLECTION
A18: 01 THE 100 → | I18: 02 CHRONOLOGY →
A20: Filter by tier, year, studio, genre or score. Rank and Game stay frozen. | I20: The full collection ordered by source year, with the curated rank intact.
A23: 03 COVER GALLERY → | I23: 04 METHODOLOGY →
A25: Every supplied cover, with a link back to its entry. No downloaded replacements. | I25: What each number means, what remains unknown, and how the source was reconciled.
A29: READ THE NUMBERS CORRECTLY
A31: CURATED RANK The order is the source collection's must-play ranking—not a critic leaderboard. | E31: CRITIC SNAPSHOT Scores retain their native /100 or /10 scales. No current verification or score date is claimed. | I31: AVAILABLE, NOT ZERO Blank critic cells are unknown. Averages skip blanks and normalize /10 entries to /100. | M31: LEUL'S ORIGINAL RATING Leul's rating /10 comes from his original rank-based column. Exact cached values and source notes are preserved.
A37: Both Metacritic columns count when entered. The critic average describes available score columns, not independent publications. It supports browsing; it never determines the order.
A42: Twelve original ratings explicitly carry Leul's source annotation “(AI – not played)”. The numeric rating and the exact note are both preserved. These historical author notes never set a website visitor's played status.
A47: Mainstream AAA / blockbuster / major-publisher flagship games, plus a small number of AAA-caliber premium exceptions that clearly belong in an essential modern-gaming list. Nintendo excluded.
A52: SOURCE / AAA_games_u_have_to_play_list_top_100.xlsx The primary list is authoritative. Stale side tables were reconciled; native score entries were not rewritten. See Methodology and artifact-manifest.json for the complete provenance.
A57: Curated by Leul Tewodros Agonafer
A58: GitHub · LeulTew/play-100 | F58: LinkedIn · Leul Tewodros Agonafer | K58: Telegram · @fabbin

Sheet The 100
A1: THE 100
A2: Curated order, not a critic leaderboard. Core = ranks 1–50 · Essential = ranks 51–100 · Nintendo excluded.
A4: ← Start Here | C4: Chronology → | F4: Covers → | I4: Methodology →
A5: Leul's original rating is copied from his original rank-based column, including rounded/text caches. Critic snapshots stay separate. Rank + Game stay frozen.
A6: Rank | B6: Game | C6: Tier | D6: Year | E6: Publisher / Studio | F6: Genre | G6: Metacritic /100 | H6: Metacritic PC /100 | I6: IGN /10 | J6: GameSpot /10 | K6: PC Gamer /100 | L6: Critic average /100 | M6: Leul's original rating /10 | N6: Source note | O6: Why it ranks here | P6: Cover
A7: 1 | B7: Red Dead Redemption 2 | C7: Core | D7: 2018 | E7: Rockstar Games | F7: Open-world / Action-Adventure | G7: 97 | H7: 93 | I7: 10 | J7: 9 | L7: =IF(COUNT(G7:K7)=0,"",(SUM(G7:H7,K7)+10*SUM(I7:J7))/COUNT(G7:K7)) -> 95 | M7: 10 | O7: The benchmark blockbuster: world-building, immersion, narrative detail and systemic depth at extraordinary scale. | P7: View cover
A8: 2 | B8: Mass Effect 2 | C8: Core | D8: 2010 | E8: BioWare / EA | F8: Action RPG / Sci-Fi | G8: 96 | H8: 94 | I8: 9.6 | J8: 9 | K8: 90 | L8: =IF(COUNT(G8:K8)=0,"",(SUM(G8:H8,K8)+10*SUM(I8:J8))/COUNT(G8:K8)) -> 93.2 | M8: 9.969697 | O8: Elite character-driven sci-fi RPG design; squad relationships and mission structure remain genre-defining. | P8: View cover
A9: 3 | B9: The Witcher 3: Wild Hunt | C9: Core | D9: 2015 | E9: CD Projekt Red | F9: Open-world RPG | G9: 92 | H9: 93 | I9: 9.3 | J9: 9 | K9: 92 | L9: =IF(COUNT(G9:K9)=0,"",(SUM(G9:H9,K9)+10*SUM(I9:J9))/COUNT(G9:K9)) -> 92 | M9: 9.9 | N9: (AI – not played) | O9: A landmark open-world RPG with exceptional side quests, world density and long-term reputation. | P9: View cover
A10: 4 | B10: God of War | C10: Core | D10: 2018 | E10: Santa Monica Studio / Sony | F10: Action-Adventure | G10: 94 | H10: 90 | I10: 10 | J10: 9 | K10: 90 | L10: =IF(COUNT(G10:K10)=0,"",(SUM(G10:H10,K10)+10*SUM(I10:J10))/COUNT(G10:K10)) -> 92.8 | M10: 9.9090909 | O10: Major reinvention of a flagship action series with strong combat, presentation and character writing. | P10: View cover
A11: 5 | B11: The Last of Us | C11: Core | D11: 2013 | E11: Naughty Dog / Sony | F11: Action-Adventure / Survival | G11: 95 | I11: 10 | J11: 8 | L11: =IF(COUNT(G11:K11)=0,"",(SUM(G11:H11,K11)+10*SUM(I11:J11))/COUNT(G11:K11)) -> 91.666667 | M11: 9.8787879 | O11: A landmark cinematic action game with unusually strong pacing, performances and environmental storytelling. | P11: View cover
A12: 6 | B12: Grand Theft Auto V | C12: Core | D12: 2013 | E12: Rockstar Games | F12: Open-world / Action-Adventure | G12: 97 | H12: 96 | I12: 10 | J12: 9 | K12: 93 | L12: =IF(COUNT(G12:K12)=0,"",(SUM(G12:H12,K12)+10*SUM(I12:J12))/COUNT(G12:K12)) -> 95.2 | M12: 9.8484848 | O12: One of the defining blockbuster open worlds; huge cultural footprint and exceptional sandbox freedom. | P12: View cover
A13: 7 | B13: Grand Theft Auto IV | C13: Core | D13: 2008 | E13: Rockstar Games | F13: Open-world / Action-Adventure | G13: 98 | H13: 90 | J13: 10 | L13: =IF(COUNT(G13:K13)=0,"",(SUM(G13:H13,K13)+10*SUM(I13:J13))/COUNT(G13:K13)) -> 96 | M13: 9.8 | O13: Massive cultural impact and a more grounded crime-world tone that influenced open-world design. | P13: View cover
A14: 8 | B14: Red Dead Redemption | C14: Core | D14: 2010 | E14: Rockstar Games | F14: Open-world / Action-Adventure | G14: 95 | I14: 9.7 | J14: 9.5 | L14: =IF(COUNT(G14:K14)=0,"",(SUM(G14:H14,K14)+10*SUM(I14:J14))/COUNT(G14:K14)) -> 95.666667 | M14: 9.7878788 | O14: Outstanding western open world and a foundational Rockstar story experience. | P14: View cover
A15: 9 | B15: BioShock | C15: Core | D15: 2007 | E15: 2K / Irrational Games | F15: FPS / Narrative | G15: 96 | H15: 96 | J15: 9 | K15: 94 | L15: =IF(COUNT(G15:K15)=0,"",(SUM(G15:H15,K15)+10*SUM(I15:J15))/COUNT(G15:K15)) -> 94 | M15: 9.7575758 | O15: A landmark AAA shooter/narrative hybrid whose setting, atmosphere and storytelling still stand out. | P15: View cover
A16: 10 | B16: Mass Effect | C16: Core | D16: 2007 | E16: BioWare / EA | F16: Action RPG / Sci-Fi | G16: 91 | J16: 8.5 | K16: 85 | L16: =IF(COUNT(G16:K16)=0,"",(SUM(G16:H16,K16)+10*SUM(I16:J16))/COUNT(G16:K16)) -> 87 | M16: 9.7272727 | O16: Established BioWare's galaxy-scale RPG formula and the Commander Shepard trilogy foundation. | P16: View cover
A17: 11 | B17: The Elder Scrolls V: Skyrim | C17: Core | D17: 2011 | E17: Bethesda Game Studios | F17: Open-world RPG | G17: 96 | H17: 94 | I17: 9.5 | J17: 9.5 | K17: 94 | L17: =IF(COUNT(G17:K17)=0,"",(SUM(G17:H17,K17)+10*SUM(I17:J17))/COUNT(G17:K17)) -> 94.8 | M17: 9.7 | N17: (AI – not played) | O17: Defining open-world fantasy RPG freedom; exploration, modding and scale made it a lasting gateway RPG. | P17: View cover
A18: 12 | B18: Baldur's Gate 3 | C18: Core | D18: 2023 | E18: Larian Studios | F18: CRPG / RPG | G18: 96 | H18: 96 | I18: 10 | J18: 10 | K18: 97 | L18: =IF(COUNT(G18:K18)=0,"",(SUM(G18:H18,K18)+10*SUM(I18:J18))/COUNT(G18:K18)) -> 97.8 | M18: 9.7 | N18: (AI – not played) | O18: A modern RPG landmark for player choice, reactivity, companions, encounter design and systemic freedom. | P18: View cover
A19: 13 | B19: Clair Obscur: Expedition 33 | C19: Core | D19: 2025 | E19: Sandfall Interactive / Kepler Interactive | F19: Turn-based RPG | G19: 92 | H19: 91 | I19: 9 | J19: 9 | L19: =IF(COUNT(G19:K19)=0,"",(SUM(G19:H19,K19)+10*SUM(I19:J19))/COUNT(G19:K19)) -> 90.75 | M19: 9.6363636 | O19: Exceptional modern RPG breakout: distinctive world, music, story and an innovative turn-based/action hybrid. AAA-caliber presentation despite an indie-sized studio. | P19: View cover
A20: 14 | B20: Batman: Arkham City | C20: Core | D20: 2011 | E20: Rocksteady / WB Games | F20: Action-Adventure | G20: 94 | H20: 94 | I20: 9.5 | J20: 9 | K20: 94 | L20: =IF(COUNT(G20:K20)=0,"",(SUM(G20:H20,K20)+10*SUM(I20:J20))/COUNT(G20:K20)) -> 93.4 | M20: 9.6060606 | O20: The standout Batman game and a benchmark for open-world superhero action. | P20: View cover
A21: 15 | B21: Elden Ring | C21: Core | D21: 2022 | E21: FromSoftware / Bandai Namco | F21: Open-world Action RPG | G21: 96 | H21: 94 | I21: 10 | J21: 10 | K21: 95 | L21: =IF(COUNT(G21:K21)=0,"",(SUM(G21:H21,K21)+10*SUM(I21:J21))/COUNT(G21:K21)) -> 97 | M21: 9.6 | N21: (AI – not played) | O21: Modern action-RPG landmark with huge exploration freedom and influential world design. | P21: View cover
A22: 16 | B22: Uncharted 4: A Thief's End | C22: Core | D22: 2016 | E22: Naughty Dog / Sony | F22: Action-Adventure | G22: 93 | J22: 10 | L22: =IF(COUNT(G22:K22)=0,"",(SUM(G22:H22,K22)+10*SUM(I22:J22))/COUNT(G22:K22)) -> 96.5 | M22: 9.5454545 | O22: AAA cinematic adventure polished to an exceptional degree, with superb set pieces and production value. | P22: View cover
A23: 17 | B23: God of War Ragnarök | C23: Core | D23: 2022 | E23: Santa Monica Studio / Sony | F23: Action-Adventure | G23: 94 | H23: 94 | I23: 10 | J23: 10 | K23: 90 | L23: =IF(COUNT(G23:K23)=0,"",(SUM(G23:H23,K23)+10*SUM(I23:J23))/COUNT(G23:K23)) -> 95.6 | M23: 9.5151515 | O23: Refined sequel that expands the 2018 formula while delivering some of the strongest modern blockbuster combat. | P23: View cover
A24: 18 | B24: The Last of Us Part II | C24: Core | D24: 2020 | E24: Naughty Dog / Sony | F24: Action-Adventure | G24: 93 | J24: 8 | L24: =IF(COUNT(G24:K24)=0,"",(SUM(G24:H24,K24)+10*SUM(I24:J24))/COUNT(G24:K24)) -> 86.5 | M24: 9.4848485 | O24: Bold sequel with elite production, combat depth and unusually ambitious storytelling. | P24: View cover
A25: 19 | B25: Grand Theft Auto: San Andreas | C25: Core | D25: 2004 | E25: Rockstar North / Rockstar | F25: Open-world / Action-Adventure | G25: 95 | J25: 9.6 | L25: =IF(COUNT(G25:K25)=0,"",(SUM(G25:H25,K25)+10*SUM(I25:J25))/COUNT(G25:K25)) -> 95.5 | M25: 9.4545455 | O25: An enormous cultural landmark and one of the strongest examples of early 3D open-world freedom. | P25: View cover
A26: 20 | B26: Mass Effect 3 | C26: Core | D26: 2012 | E26: BioWare / EA | F26: Action RPG / Sci-Fi | G26: 93 | H26: 89 | I26: 9.5 | J26: 9.5 | K26: 90 | L26: =IF(COUNT(G26:K26)=0,"",(SUM(G26:H26,K26)+10*SUM(I26:J26))/COUNT(G26:K26)) -> 92.4 | M26: 9.4242424 | O26: Excellent RPG systems, companions and galaxy-scale storytelling despite a divisive finale. | P26: View cover
A27: 21 | B27: Fallout 3 | C27: Core | D27: 2008 | E27: Bethesda Game Studios | F27: Open-world RPG | G27: 93 | H27: 91 | I27: 9.6 | J27: 9 | K27: 92 | L27: =IF(COUNT(G27:K27)=0,"",(SUM(G27:H27,K27)+10*SUM(I27:J27))/COUNT(G27:K27)) -> 92.4 | M27: 9.3939394 | O27: A foundational modern open-world RPG with exploration, questing and atmosphere still worth experiencing. | P27: View cover
A28: 22 | B28: Baldur's Gate II: Shadows of Amn | C28: Core | D28: 2000 | E28: BioWare / Interplay | F28: CRPG / RPG | G28: 95 | J28: 9.6 | L28: =IF(COUNT(G28:K28)=0,"",(SUM(G28:H28,K28)+10*SUM(I28:J28))/COUNT(G28:K28)) -> 95.5 | M28: 9.4 | N28: (AI – not played) | O28: One of the foundational large-scale RPGs; less modern-looking, but massively important to the genre. | P28: View cover
A29: 23 | B29: Halo 3 | C29: Core | D29: 2007 | E29: Bungie / Microsoft | F29: FPS | G29: 94 | J29: 9.5 | L29: =IF(COUNT(G29:K29)=0,"",(SUM(G29:H29,K29)+10*SUM(I29:J29))/COUNT(G29:K29)) -> 94.5 | M29: 9.3333333 | O29: One of the defining console FPS campaigns and a major multiplayer-era blockbuster. | P29: View cover
A30: 24 | B30: Portal 2 | C30: Core | D30: 2011 | E30: Valve | F30: Puzzle / Adventure | G30: 95 | H30: 95 | I30: 10 | J30: 10 | K30: 94 | L30: =IF(COUNT(G30:K30)=0,"",(SUM(G30:H30,K30)+10*SUM(I30:J30))/COUNT(G30:K30)) -> 96.8 | M30: 9.3 | N30: (AI – not played) | O30: One of the strongest puzzle/adventure productions ever released by a major studio. | P30: View cover
A31: 25 | B31: Half-Life 2 | C31: Core | D31: 2004 | E31: Valve | F31: FPS / Action | G31: 96 | H31: 96 | I31: 9.7 | J31: 9.2 | K31: 96 | L31: =IF(COUNT(G31:K31)=0,"",(SUM(G31:H31,K31)+10*SUM(I31:J31))/COUNT(G31:K31)) -> 95.4 | M31: 9.2727273 | O31: A transformative FPS that reshaped physics, environmental storytelling and immersive level design. | P31: View cover
A32: 26 | B32: Cyberpunk 2077 | C32: Core | D32: 2020 | E32: CD Projekt Red | F32: Open-world RPG | G32: 86 | H32: 86 | I32: 9 | J32: 7 | K32: 78 | L32: =IF(COUNT(G32:K32)=0,"",(SUM(G32:H32,K32)+10*SUM(I32:J32))/COUNT(G32:K32)) -> 82 | M32: 9.2424242 | O32: An ambitious, visually striking RPG whose post-launch evolution is important to its legacy. | P32: View cover
A33: 27 | B33: Resident Evil 4 | C33: Core | D33: 2023 | E33: Capcom | F33: Survival Horror / Action | G33: 93 | H33: 91 | I33: 10 | J33: 10 | K33: 80 | L33: =IF(COUNT(G33:K33)=0,"",(SUM(G33:H33,K33)+10*SUM(I33:J33))/COUNT(G33:K33)) -> 92.8 | M33: 9.2121212 | O33: A benchmark survival-horror remake: masterful pacing, encounter design and combat that sharpen an all-time classic. | P33: View cover
A34: 28 | B34: Alan Wake 2 | C34: Core | D34: 2023 | E34: Remedy / Epic Games | F34: Survival Horror / Action | G34: 89 | H34: 89 | I34: 9 | J34: 9 | K34: 88 | L34: =IF(COUNT(G34:K34)=0,"",(SUM(G34:H34,K34)+10*SUM(I34:J34))/COUNT(G34:K34)) -> 89.2 | M34: 9.2 | N34: (AI – not played) | O34: A landmark modern horror production with exceptional audiovisual direction and narrative ambition. | P34: View cover
A35: 29 | B35: Control | C35: Core | D35: 2019 | E35: Remedy / 505 Games | F35: Action-Adventure | G35: 85 | H35: 82 | I35: 8.8 | J35: 8 | K35: 88 | L35: =IF(COUNT(G35:K35)=0,"",(SUM(G35:H35,K35)+10*SUM(I35:J35))/COUNT(G35:K35)) -> 84.6 | M35: 9.1515152 | O35: Distinctive AAA supernatural action with exceptional atmosphere, art direction and telekinetic combat. | P35: View cover
A36: 30 | B36: Star Wars: Knights of the Old Republic | C36: Core | D36: 2003 | E36: BioWare / LucasArts | F36: RPG | G36: 94 | H36: 94 | I36: 9.2 | J36: 9.1 | K36: 92 | L36: =IF(COUNT(G36:K36)=0,"",(SUM(G36:H36,K36)+10*SUM(I36:J36))/COUNT(G36:K36)) -> 92.6 | M36: 9.1 | N36: (AI – not played) | O36: A landmark licensed RPG with strong writing, choice and world-building. | P36: View cover
A37: 31 | B37: Metal Gear Solid 3: Snake Eater | C37: Core | D37: 2004 | E37: Konami | F37: Action / Stealth | G37: 91 | J37: 9 | L37: =IF(COUNT(G37:K37)=0,"",(SUM(G37:H37,K37)+10*SUM(I37:J37))/COUNT(G37:K37)) -> 90.5 | M37: 9.0909091 | O37: A landmark stealth blockbuster with exceptional survival mechanics and storytelling. | P37: View cover
A38: 32 | B38: Call of Duty 4: Modern Warfare | C38: Core | D38: 2007 | E38: Infinity Ward / Activision | F38: FPS | G38: 94 | H38: 92 | I38: 9.4 | J38: 9 | L38: =IF(COUNT(G38:K38)=0,"",(SUM(G38:H38,K38)+10*SUM(I38:J38))/COUNT(G38:K38)) -> 92.5 | M38: 9.0606061 | O38: A defining AAA shooter whose campaign, multiplayer and presentation changed the mainstream FPS. | P38: View cover
A39: 33 | B39: Assassin's Creed IV: Black Flag | C39: Core | D39: 2013 | E39: Ubisoft Montreal / Ubisoft | F39: Open-world Action-Adventure | G39: 88 | H39: 84 | I39: 9 | J39: 9 | K39: 86 | L39: =IF(COUNT(G39:K39)=0,"",(SUM(G39:H39,K39)+10*SUM(I39:J39))/COUNT(G39:K39)) -> 87.6 | M39: 9.030303 | O39: Combines Assassin's Creed with a highly memorable open-world naval sandbox. | P39: View cover
A40: 34 | B40: Dishonored | C40: Core | D40: 2012 | E40: Arkane / Bethesda | F40: Immersive Sim / Action | G40: 88 | H40: 88 | I40: 9.2 | J40: 9 | K40: 88 | L40: =IF(COUNT(G40:K40)=0,"",(SUM(G40:H40,K40)+10*SUM(I40:J40))/COUNT(G40:K40)) -> 89.2 | M40: 9 | N40: (AI – not played) | O40: A landmark modern immersive sim with excellent level design and player-driven approaches. | P40: View cover
A41: 35 | B41: The Elder Scrolls IV: Oblivion | C41: Core | D41: 2006 | E41: Bethesda Game Studios | F41: Open-world RPG | G41: 94 | H41: 94 | I41: 9.3 | J41: 9.5 | K41: 92 | L41: =IF(COUNT(G41:K41)=0,"",(SUM(G41:H41,K41)+10*SUM(I41:J41))/COUNT(G41:K41)) -> 93.6 | M41: 8.969697 | O41: One of the key early open-world RPGs and a direct ancestor to Skyrim. | P41: View cover
A42: 36 | B42: Halo: Reach | C42: Core | D42: 2010 | E42: Bungie / Microsoft | F42: FPS | G42: 91 | J42: 9.5 | L42: =IF(COUNT(G42:K42)=0,"",(SUM(G42:H42,K42)+10*SUM(I42:J42))/COUNT(G42:K42)) -> 93 | M42: 8.9393939 | O42: Excellent campaign pacing, combat and world-building within the Halo formula. | P42: View cover
A43: 37 | B43: Far Cry 4 | C43: Core | D43: 2014 | E43: Ubisoft Montreal / Ubisoft | F43: Open-world FPS | G43: 80 | H43: 80 | I43: 8.5 | J43: 8.5 | K43: 80 | L43: =IF(COUNT(G43:K43)=0,"",(SUM(G43:H43,K43)+10*SUM(I43:J43))/COUNT(G43:K43)) -> 82 | M43: 8.9090909 | O43: Big, polished Ubisoft open world; less groundbreaking than FC3 but still a core AAA shooter experience. | P43: View cover
A44: 38 | B44: Dragon Age: Inquisition | C44: Core | D44: 2014 | E44: BioWare / EA | F44: Open-world RPG | G44: 89 | H44: 85 | I44: 8.8 | J44: 9 | K44: 87 | L44: =IF(COUNT(G44:K44)=0,"",(SUM(G44:H44,K44)+10*SUM(I44:J44))/COUNT(G44:K44)) -> 87.8 | M44: 8.9 | N44: (AI – not played) | O44: A large-scale fantasy RPG that brought BioWare's companions and choices to an expansive 3D world. | P44: View cover
A45: 39 | B45: Metro Exodus | C45: Core | D45: 2019 | E45: 4A Games / Deep Silver | F45: FPS / Survival | G45: 80 | H45: 81 | I45: 8.6 | J45: 8 | K45: 79 | L45: =IF(COUNT(G45:K45)=0,"",(SUM(G45:H45,K45)+10*SUM(I45:J45))/COUNT(G45:K45)) -> 81.2 | M45: 8.8484848 | O45: Immersive post-apocalyptic FPS design with strong atmosphere, world detail and survival mechanics. | P45: View cover
A46: 40 | B46: Resident Evil 2 | C46: Core | D46: 2019 | E46: Capcom | F46: Survival Horror | G46: 91 | H46: 91 | I46: 9 | J46: 9 | K46: 90 | L46: =IF(COUNT(G46:K46)=0,"",(SUM(G46:H46,K46)+10*SUM(I46:J46))/COUNT(G46:K46)) -> 90.4 | M46: 8.8181818 | O46: A near-perfect modern remake of a foundational survival-horror game. | P46: View cover
A47: 41 | B47: Resident Evil Requiem | C47: Core | D47: 2026 | E47: Capcom | F47: Survival Horror | G47: 89 | H47: 92 | I47: 9 | J47: 8 | K47: 92 | L47: =IF(COUNT(G47:K47)=0,"",(SUM(G47:H47,K47)+10*SUM(I47:J47))/COUNT(G47:K47)) -> 88.6 | M47: 8.7878788 | O47: The newest mainline Resident Evil: strong RE Engine horror craft and a well-received return to slower, tenser survival design. | P47: View cover
A48: 42 | B48: Titanfall 2 | C48: Core | D48: 2016 | E48: Respawn / EA | F48: FPS | G48: 89 | H48: 86 | I48: 9 | J48: 9 | K48: 89 | L48: =IF(COUNT(G48:K48)=0,"",(SUM(G48:H48,K48)+10*SUM(I48:J48))/COUNT(G48:K48)) -> 88.8 | M48: 8.7575758 | O48: A standout blockbuster FPS with one of the genre's most praised campaigns and movement systems. | P48: View cover
A49: 43 | B49: Star Wars Battlefront II | C49: Core | D49: 2017 | E49: DICE / EA | F49: FPS / Action | G49: 68 | H49: 68 | I49: 8 | J49: 8 | K49: 80 | L49: =IF(COUNT(G49:K49)=0,"",(SUM(G49:H49,K49)+10*SUM(I49:J49))/COUNT(G49:K49)) -> 75.2 | M49: 8.7272727 | O49: A visually spectacular Star Wars blockbuster that improved significantly after launch. | P49: View cover
A50: 44 | B50: Sekiro: Shadows Die Twice | C50: Core | D50: 2019 | E50: FromSoftware / Activision | F50: Action RPG | G50: 90 | H50: 90 | J50: 9 | K50: 90 | L50: =IF(COUNT(G50:K50)=0,"",(SUM(G50:H50,K50)+10*SUM(I50:J50))/COUNT(G50:K50)) -> 90 | M50: 8.6969697 | O50: Masterful precision action design; a modern FromSoftware essential. | P50: View cover
A51: 45 | B51: Bloodborne | C51: Core | D51: 2015 | E51: FromSoftware / Sony | F51: Action RPG | G51: 92 | J51: 9 | L51: =IF(COUNT(G51:K51)=0,"",(SUM(G51:H51,K51)+10*SUM(I51:J51))/COUNT(G51:K51)) -> 91 | M51: 8.6666667 | O51: A defining PlayStation action RPG with atmosphere, combat and world design that shaped the genre. | P51: View cover
A52: 46 | B52: Grand Theft Auto: Vice City | C52: Core | D52: 2002 | E52: Rockstar North / Rockstar | F52: Open-world / Action-Adventure | G52: 95 | I52: 9.6 | J52: 9.6 | L52: =IF(COUNT(G52:K52)=0,"",(SUM(G52:H52,K52)+10*SUM(I52:J52))/COUNT(G52:K52)) -> 95.666667 | M52: 8.6363636 | O52: A defining open-world classic whose tone, setting and mission design made it culturally iconic. | P52: View cover
A53: 47 | B53: Star Wars Jedi: Fallen Order | C53: Core | D53: 2019 | E53: Respawn / EA | F53: Action-Adventure | G53: 81 | H53: 80 | I53: 9 | J53: 9 | K53: 81 | L53: =IF(COUNT(G53:K53)=0,"",(SUM(G53:H53,K53)+10*SUM(I53:J53))/COUNT(G53:K53)) -> 84.4 | M53: 8.6060606 | O53: A major modern Star Wars single-player revival with Soulslike-inspired combat and blockbuster presentation. | P53: View cover
A54: 48 | B54: Horizon Zero Dawn | C54: Core | D54: 2017 | E54: Guerrilla / Sony | F54: Open-world Action RPG | G54: 89 | H54: 84 | I54: 9.3 | J54: 9 | K54: 85 | L54: =IF(COUNT(G54:K54)=0,"",(SUM(G54:H54,K54)+10*SUM(I54:J54))/COUNT(G54:K54)) -> 88.2 | M54: 8.6 | N54: (AI – not played) | O54: A major PS4-era open-world RPG with a distinctive science-fiction setting and strong combat. | P54: View cover
A55: 49 | B55: Horizon Forbidden West | C55: Core | D55: 2022 | E55: Guerrilla / Sony | F55: Open-world Action RPG | G55: 88 | H55: 88 | I55: 9 | J55: 9 | K55: 87 | L55: =IF(COUNT(G55:K55)=0,"",(SUM(G55:H55,K55)+10*SUM(I55:J55))/COUNT(G55:K55)) -> 88.6 | M55: 8.5 | N55: (AI – not played) | O55: Large-scale sequel with expanded combat, exploration and presentation. | P55: View cover
A56: 50 | B56: Ghost of Tsushima | C56: Core | D56: 2020 | E56: Sucker Punch / Sony | F56: Open-world Action-Adventure | G56: 83 | H56: 87 | I56: 9 | J56: 7 | K56: 87 | L56: =IF(COUNT(G56:K56)=0,"",(SUM(G56:H56,K56)+10*SUM(I56:J56))/COUNT(G56:K56)) -> 83.4 | M56: 8.5151515 | O56: One of the strongest samurai-themed open worlds, with exceptional art direction and sword combat. | P56: View cover
A57: 51 | B57: DOOM Eternal | C57: Essential | D57: 2020 | E57: id Software / Bethesda | F57: FPS | G57: 88 | H57: 88 | I57: 9 | J57: 8 | K57: 94 | L57: =IF(COUNT(G57:K57)=0,"",(SUM(G57:H57,K57)+10*SUM(I57:J57))/COUNT(G57:K57)) -> 88 | M57: 8.4848485 | O57: Pushes modern FPS combat speed and mechanical depth to a remarkable level. | P57: View cover
A58: 52 | B58: Star Wars Jedi: Survivor | C58: Essential | D58: 2023 | E58: Respawn / EA | F58: Action-Adventure | G58: 85 | H58: 79 | I58: 9 | J58: 9 | K58: 85 | L58: =IF(COUNT(G58:K58)=0,"",(SUM(G58:H58,K58)+10*SUM(I58:J58))/COUNT(G58:K58)) -> 85.8 | M58: 8.4545455 | O58: A major modern Star Wars action-adventure with strong exploration, combat and cinematic production. | P58: View cover
A59: 53 | B59: Death Stranding | C59: Essential | D59: 2019 | E59: Kojima Productions / Sony | F59: Action / Adventure | G59: 82 | H59: 85 | I59: 6.8 | J59: 9 | K59: 83 | L59: =IF(COUNT(G59:K59)=0,"",(SUM(G59:H59,K59)+10*SUM(I59:J59))/COUNT(G59:K59)) -> 81.6 | M59: 8.4242424 | O59: A singular AAA experiment that became one of the medium's most discussed blockbuster releases. | P59: View cover
A60: 54 | B60: Death Stranding 2: On the Beach | C60: Essential | D60: 2025 | E60: Kojima Productions / Sony | F60: Action / Adventure | G60: 90 | H60: 90 | I60: 9 | J60: 9 | K60: 90 | L60: =IF(COUNT(G60:K60)=0,"",(SUM(G60:H60,K60)+10*SUM(I60:J60))/COUNT(G60:K60)) -> 90 | M60: 8.3939394 | O60: A major premium sequel with unusually ambitious production, traversal and cinematic presentation. | P60: View cover
A61: 55 | B61: Final Fantasy VII Remake | C61: Essential | D61: 2020 | E61: Square Enix | F61: Action RPG | G61: 87 | H61: 89 | I61: 8 | J61: 8 | K61: 80 | L61: =IF(COUNT(G61:K61)=0,"",(SUM(G61:H61,K61)+10*SUM(I61:J61))/COUNT(G61:K61)) -> 83.2 | M61: 8.3636364 | O61: A major modern blockbuster RPG remake with strong combat and iconic characters. | P61: View cover
A62: 56 | B62: Final Fantasy XVI | C62: Essential | D62: 2023 | E62: Square Enix | F62: Action RPG | G62: 87 | H62: 89 | I62: 9 | J62: 9 | K62: 80 | L62: =IF(COUNT(G62:K62)=0,"",(SUM(G62:H62,K62)+10*SUM(I62:J62))/COUNT(G62:K62)) -> 87.2 | M62: 8.3333333 | O62: High-production-value fantasy action with spectacular set pieces and a strong cinematic identity. | P62: View cover
A63: 57 | B63: Final Fantasy XV | C63: Essential | D63: 2016 | E63: Square Enix | F63: Open-world Action RPG | G63: 81 | H63: 82 | J63: 8 | K63: 85 | L63: =IF(COUNT(G63:K63)=0,"",(SUM(G63:H63,K63)+10*SUM(I63:J63))/COUNT(G63:K63)) -> 82 | M63: 8.3030303 | O63: A huge modern Final Fantasy road-trip RPG with a memorable world and blockbuster production. | P63: View cover
A64: 58 | B64: Kingdom Hearts II | C64: Essential | D64: 2005 | E64: Square Enix | F64: Action RPG | G64: 87 | I64: 9 | J64: 9 | L64: =IF(COUNT(G64:K64)=0,"",(SUM(G64:H64,K64)+10*SUM(I64:J64))/COUNT(G64:K64)) -> 89 | M64: 8.2727273 | O64: A major crossover action RPG with enduring mainstream recognition. | P64: View cover
A65: 59 | B65: NieR:Automata | C65: Essential | D65: 2017 | E65: PlatinumGames / Square Enix | F65: Action RPG | G65: 88 | H65: 84 | J65: 8 | K65: 87 | L65: =IF(COUNT(G65:K65)=0,"",(SUM(G65:H65,K65)+10*SUM(I65:J65))/COUNT(G65:K65)) -> 84.75 | M65: 8.2424242 | O65: A critically acclaimed action RPG known for philosophical storytelling and inventive structure. | P65: View cover
A66: 60 | B66: Diablo II | C66: Essential | D66: 2000 | E66: Blizzard | F66: Action RPG | G66: 88 | I66: 9 | J66: 9 | L66: =IF(COUNT(G66:K66)=0,"",(SUM(G66:H66,K66)+10*SUM(I66:J66))/COUNT(G66:K66)) -> 89.333333 | M66: 8.2121212 | O66: A foundational AAA action RPG with enormous influence on loot-driven game design. | P66: View cover
A67: 61 | B67: Diablo IV | C67: Essential | D67: 2023 | E67: Blizzard | F67: Action RPG | G67: 91 | H67: 90 | J67: 9 | K67: 86 | L67: =IF(COUNT(G67:K67)=0,"",(SUM(G67:H67,K67)+10*SUM(I67:J67))/COUNT(G67:K67)) -> 89.25 | M67: 8.1818182 | O67: A major modern live-service action RPG and one of Blizzard's biggest launches. | P67: View cover
A68: 62 | B68: World of Warcraft | C68: Essential | D68: 2004 | E68: Blizzard | F68: MMORPG | G68: 93 | I68: 9.5 | J68: 9 | L68: =IF(COUNT(G68:K68)=0,"",(SUM(G68:H68,K68)+10*SUM(I68:J68))/COUNT(G68:K68)) -> 92.666667 | M68: 8.1515152 | O68: A defining AAA MMO that reshaped online gaming and gaming culture. | P68: View cover
A69: 63 | B69: StarCraft II: Wings of Liberty | C69: Essential | D69: 2010 | E69: Blizzard | F69: RTS | G69: 93 | H69: 93 | J69: 9 | K69: 93 | L69: =IF(COUNT(G69:K69)=0,"",(SUM(G69:H69,K69)+10*SUM(I69:J69))/COUNT(G69:K69)) -> 92.25 | M69: 8.1212121 | O69: One of the definitive modern competitive strategy games with enormous production value and esports impact. | P69: View cover
A70: 64 | B70: Warcraft III: Reign of Chaos | C70: Essential | D70: 2002 | E70: Blizzard | F70: RTS | G70: 92 | I70: 9.5 | J70: 9 | L70: =IF(COUNT(G70:K70)=0,"",(SUM(G70:H70,K70)+10*SUM(I70:J70))/COUNT(G70:K70)) -> 92.333333 | M70: 8.0909091 | O70: A landmark AAA RTS with huge influence on strategy games and custom-map culture. | P70: View cover
A71: 65 | B71: Overwatch | C71: Essential | D71: 2016 | E71: Blizzard | F71: Hero Shooter | G71: 91 | H71: 91 | I71: 9.5 | J71: 9 | K71: 90 | L71: =IF(COUNT(G71:K71)=0,"",(SUM(G71:H71,K71)+10*SUM(I71:J71))/COUNT(G71:K71)) -> 91.4 | M71: 8.0606061 | O71: A major modern multiplayer blockbuster with influential character-driven FPS design. | P71: View cover
A72: 66 | B72: Call of Duty: Modern Warfare 2 | C72: Essential | D72: 2009 | E72: Infinity Ward / Activision | F72: FPS | G72: 94 | H72: 94 | I72: 9.5 | J72: 9.5 | L72: =IF(COUNT(G72:K72)=0,"",(SUM(G72:H72,K72)+10*SUM(I72:J72))/COUNT(G72:K72)) -> 94.5 | M72: 8.030303 | O72: One of the biggest shooter blockbusters of its era with huge cultural impact. | P72: View cover
A73: 67 | B73: Call of Duty: Black Ops | C73: Essential | D73: 2010 | E73: Treyarch / Activision | F73: FPS | G73: 88 | H73: 81 | I73: 9 | J73: 9 | L73: =IF(COUNT(G73:K73)=0,"",(SUM(G73:H73,K73)+10*SUM(I73:J73))/COUNT(G73:K73)) -> 87.25 | M73: 8 | O73: A hugely successful shooter with a memorable campaign and influential multiplayer. | P73: View cover
A74: 68 | B74: Call of Duty: Black Ops II | C74: Essential | D74: 2012 | E74: Treyarch / Activision | F74: FPS | G74: 83 | H74: 81 | I74: 9 | J74: 9 | K74: 85 | L74: =IF(COUNT(G74:K74)=0,"",(SUM(G74:H74,K74)+10*SUM(I74:J74))/COUNT(G74:K74)) -> 85.8 | M74: 7.969697 | O74: A mainstream AAA FPS with branching campaign choices and a major multiplayer legacy. | P74: View cover
A75: 69 | B75: Battlefield 1 | C75: Essential | D75: 2016 | E75: DICE / EA | F75: FPS | G75: 89 | H75: 87 | I75: 9 | J75: 8 | K75: 84 | L75: =IF(COUNT(G75:K75)=0,"",(SUM(G75:H75,K75)+10*SUM(I75:J75))/COUNT(G75:K75)) -> 86 | M75: 7.9393939 | O75: One of the strongest recent Battlefield entries, with exceptional audiovisual presentation. | P75: View cover
A76: 70 | B76: Battlefield 3 | C76: Essential | D76: 2011 | E76: DICE / EA | F76: FPS | G76: 85 | H76: 87 | I76: 9 | J76: 9 | L76: =IF(COUNT(G76:K76)=0,"",(SUM(G76:H76,K76)+10*SUM(I76:J76))/COUNT(G76:K76)) -> 88 | M76: 7.9090909 | O76: A hugely influential modern military shooter and major multiplayer-era blockbuster. | P76: View cover
A77: 71 | B77: Battlefield 4 | C77: Essential | D77: 2013 | E77: DICE / EA | F77: FPS | G77: 81 | H77: 84 | I77: 8.5 | J77: 8 | L77: =IF(COUNT(G77:K77)=0,"",(SUM(G77:H77,K77)+10*SUM(I77:J77))/COUNT(G77:K77)) -> 82.5 | M77: 7.8787879 | O77: A large-scale multiplayer FPS that remains a core modern Battlefield experience. | P77: View cover
A78: 72 | B78: Metal Gear Solid V: The Phantom Pain | C78: Essential | D78: 2015 | E78: Kojima Productions / Konami | F78: Open-world Action | G78: 95 | H78: 91 | I78: 10 | J78: 10 | K78: 95 | L78: =IF(COUNT(G78:K78)=0,"",(SUM(G78:H78,K78)+10*SUM(I78:J78))/COUNT(G78:K78)) -> 96.2 | M78: 7.8484848 | O78: A technically ambitious open-world stealth game with extraordinary systems and freedom. | P78: View cover
A79: 73 | B79: Hitman: World of Assassination | C79: Essential | D79: 2016 | E79: IO Interactive | F79: Stealth / Action | G79: 85 | H79: 84 | I79: 9 | J79: 8 | K79: 88 | L79: =IF(COUNT(G79:K79)=0,"",(SUM(G79:H79,K79)+10*SUM(I79:J79))/COUNT(G79:K79)) -> 85.4 | M79: 7.8181818 | O79: A modern stealth sandbox with extraordinary systemic freedom and replayability. | P79: View cover
A80: 74 | B80: Dishonored 2 | C80: Essential | D80: 2016 | E80: Arkane / Bethesda | F80: Immersive Sim / Action | G80: 88 | H80: 88 | I80: 9 | J80: 9 | K80: 88 | L80: =IF(COUNT(G80:K80)=0,"",(SUM(G80:H80,K80)+10*SUM(I80:J80))/COUNT(G80:K80)) -> 88.8 | M80: 7.7878788 | O80: Deepens the original's systemic stealth/action sandbox with excellent level design. | P80: View cover
A81: 75 | B81: Prey | C81: Essential | D81: 2017 | E81: Arkane / Bethesda | F81: Immersive Sim / FPS | G81: 84 | H81: 82 | I81: 8 | J81: 8 | K81: 84 | L81: =IF(COUNT(G81:K81)=0,"",(SUM(G81:H81,K81)+10*SUM(I81:J81))/COUNT(G81:K81)) -> 82 | M81: 7.7575758 | O81: A cult AAA immersive sim with outstanding atmosphere, exploration and systemic problem-solving. | P81: View cover
A82: 76 | B82: The Evil Within 2 | C82: Essential | D82: 2017 | E82: Tango Gameworks / Bethesda | F82: Survival Horror | G82: 82 | H82: 80 | I82: 8 | J82: 8 | K82: 80 | L82: =IF(COUNT(G82:K82)=0,"",(SUM(G82:H82,K82)+10*SUM(I82:J82))/COUNT(G82:K82)) -> 80.4 | M82: 7.7272727 | O82: A strong modern survival-horror sequel that balances open exploration and horror. | P82: View cover
A83: 77 | B83: Resident Evil 7: Biohazard | C83: Essential | D83: 2017 | E83: Capcom | F83: Survival Horror | G83: 86 | H83: 86 | I83: 7.7 | J83: 8 | K83: 89 | L83: =IF(COUNT(G83:K83)=0,"",(SUM(G83:H83,K83)+10*SUM(I83:J83))/COUNT(G83:K83)) -> 83.6 | M83: 7.6969697 | O83: A first-person reinvention of Resident Evil that brought major mainstream attention back to horror. | P83: View cover
A84: 78 | B84: Resident Evil 3 | C84: Essential | D84: 2020 | E84: Capcom | F84: Survival Horror | G84: 79 | H84: 84 | I84: 9 | J84: 6 | K84: 77 | L84: =IF(COUNT(G84:K84)=0,"",(SUM(G84:H84,K84)+10*SUM(I84:J84))/COUNT(G84:K84)) -> 78 | M84: 7.6666667 | O84: A polished modern remake with strong presentation, though shorter and less expansive than RE2. | P84: View cover
A85: 79 | B85: Resident Evil Village | C85: Essential | D85: 2021 | E85: Capcom | F85: Survival Horror / Action | G85: 84 | H85: 84 | I85: 8 | J85: 8 | K85: 80 | L85: =IF(COUNT(G85:K85)=0,"",(SUM(G85:H85,K85)+10*SUM(I85:J85))/COUNT(G85:K85)) -> 81.6 | M85: 7.6363636 | O85: A blockbuster horror-action hybrid with memorable atmosphere and production. | P85: View cover
A86: 80 | B86: Resident Evil 5 | C86: Essential | D86: 2009 | E86: Capcom | F86: Action / Survival Horror | G86: 84 | H86: 76 | I86: 8.5 | J86: 8 | L86: =IF(COUNT(G86:K86)=0,"",(SUM(G86:H86,K86)+10*SUM(I86:J86))/COUNT(G86:K86)) -> 81.25 | M86: 7.6060606 | O86: A major co-op action title and one of the franchise's most commercially significant releases. | P86: View cover
A87: 81 | B87: Shadow of Mordor | C87: Essential | D87: 2014 | E87: Monolith / WB Games | F87: Open-world Action | G87: 84 | H87: 84 | I87: 9.3 | J87: 8 | K87: 79 | L87: =IF(COUNT(G87:K87)=0,"",(SUM(G87:H87,K87)+10*SUM(I87:J87))/COUNT(G87:K87)) -> 84 | M87: 7.5757576 | O87: Introduced the influential Nemesis system to a mainstream open-world action formula. | P87: View cover
A88: 82 | B88: Middle-earth: Shadow of War | C88: Essential | D88: 2017 | E88: Monolith / WB Games | F88: Open-world Action | G88: 80 | H88: 80 | I88: 8 | J88: 7.5 | K88: 81 | L88: =IF(COUNT(G88:K88)=0,"",(SUM(G88:H88,K88)+10*SUM(I88:J88))/COUNT(G88:K88)) -> 79.2 | M88: 7.5454545 | O88: Expanded the Nemesis system into a huge open-world action sequel. | P88: View cover
A89: 83 | B89: Hogwarts Legacy | C89: Essential | D89: 2023 | E89: Avalanche Software / WB Games | F89: Open-world Action RPG | G89: 84 | H89: 84 | I89: 9 | J89: 8 | K89: 85 | L89: =IF(COUNT(G89:K89)=0,"",(SUM(G89:H89,K89)+10*SUM(I89:J89))/COUNT(G89:K89)) -> 84.6 | M89: 7.5151515 | O89: A major mainstream fantasy open world with huge audience reach and production scale. | P89: View cover
A90: 84 | B90: Marvel's Spider-Man 2 | C90: Essential | D90: 2023 | E90: Insomniac / Sony | F90: Open-world Action-Adventure | G90: 90 | H90: 90 | I90: 8 | J90: 8 | K90: 89 | L90: =IF(COUNT(G90:K90)=0,"",(SUM(G90:H90,K90)+10*SUM(I90:J90))/COUNT(G90:K90)) -> 85.8 | M90: 7.4848485 | O90: A major superhero sequel with high-end presentation, traversal and combat. | P90: View cover
A91: 85 | B91: Ratchet & Clank: Rift Apart | C91: Essential | D91: 2021 | E91: Insomniac / Sony | F91: Action-Platformer | G91: 88 | H91: 89 | I91: 9 | J91: 9 | K91: 85 | L91: =IF(COUNT(G91:K91)=0,"",(SUM(G91:H91,K91)+10*SUM(I91:J91))/COUNT(G91:K91)) -> 88.4 | M91: 7.4545455 | O91: A showcase of modern AAA platform-action presentation, visuals and seamless world transitions. | P91: View cover
A92: 86 | B92: Returnal | C92: Essential | D92: 2021 | E92: Housemarque / Sony | F92: Third-person Roguelike Shooter | G92: 86 | H92: 85 | I92: 9 | J92: 8 | K92: 88 | L92: =IF(COUNT(G92:K92)=0,"",(SUM(G92:H92,K92)+10*SUM(I92:J92))/COUNT(G92:K92)) -> 85.8 | M92: 7.4242424 | O92: A premium PlayStation action game with demanding combat, atmosphere and exceptional audiovisual production. | P92: View cover
A93: 87 | B93: Deathloop | C93: Essential | D93: 2021 | E93: Arkane / Bethesda | F93: FPS / Immersive Sim | G93: 89 | H93: 87 | I93: 10 | J93: 10 | K93: 91 | L93: =IF(COUNT(G93:K93)=0,"",(SUM(G93:H93,K93)+10*SUM(I93:J93))/COUNT(G93:K93)) -> 93.4 | M93: 7.3939394 | O93: An ambitious time-loop immersive sim that earned major critical acclaim. | P93: View cover
A94: 88 | B94: Days Gone | C94: Essential | D94: 2019 | E94: Bend Studio / Sony | F94: Open-world Action | G94: 71 | H94: 76 | I94: 6.5 | J94: 5 | K94: 74 | L94: =IF(COUNT(G94:K94)=0,"",(SUM(G94:H94,K94)+10*SUM(I94:J94))/COUNT(G94:K94)) -> 67.2 | M94: 7.3636364 | O94: A big-budget open world with strong atmosphere and a persistent motorcycle-focused identity. | P94: View cover
A95: 89 | B95: The Division | C95: Essential | D95: 2016 | E95: Massive / Ubisoft | F95: Online Action RPG / Shooter | G95: 80 | H95: 80 | I95: 6.7 | J95: 6 | K95: 74 | L95: =IF(COUNT(G95:K95)=0,"",(SUM(G95:H95,K95)+10*SUM(I95:J95))/COUNT(G95:K95)) -> 72.2 | M95: 7.3333333 | O95: A major online AAA shooter built around a detailed recreation of New York. | P95: View cover
A96: 90 | B96: The Division 2 | C96: Essential | D96: 2019 | E96: Massive / Ubisoft | F96: Online Action RPG / Shooter | G96: 84 | H96: 84 | I96: 8.5 | J96: 8 | K96: 84 | L96: =IF(COUNT(G96:K96)=0,"",(SUM(G96:H96,K96)+10*SUM(I96:J96))/COUNT(G96:K96)) -> 83.4 | M96: 7.3030303 | O96: A refined looter-shooter with an unusually detailed urban open world. | P96: View cover
A97: 91 | B97: Assassin's Creed Origins | C97: Essential | D97: 2017 | E97: Ubisoft Montreal / Ubisoft | F97: Open-world Action RPG | G97: 81 | H97: 81 | I97: 8.5 | J97: 8 | K97: 80 | L97: =IF(COUNT(G97:K97)=0,"",(SUM(G97:H97,K97)+10*SUM(I97:J97))/COUNT(G97:K97)) -> 81.4 | M97: 7.2727273 | O97: A major reboot that shifted Assassin's Creed into a larger RPG framework. | P97: View cover
A98: 92 | B98: Assassin's Creed Odyssey | C98: Essential | D98: 2018 | E98: Ubisoft Quebec / Ubisoft | F98: Open-world Action RPG | G98: 85 | H98: 87 | I98: 8.5 | J98: 7.5 | K98: 83 | L98: =IF(COUNT(G98:K98)=0,"",(SUM(G98:H98,K98)+10*SUM(I98:J98))/COUNT(G98:K98)) -> 83 | M98: 7.2424242 | O98: A huge ancient-Greece RPG with substantial exploration and choice. | P98: View cover
... A106: 100 | B106: L.A. Noire | C106: Essential | D106: 2011 | E106: Team Bondi / Rockstar Games | F106: Action-Adventure / Detective | G106: 83 | H106: 83 | I106: 8.5 | J106: 7.5 | K106: 82 | L106: =IF(COUNT(G106:K106)=0,"",(SUM(G106:H106,K106)+10*SUM(I106:J106))/COUNT(G106:K106)) -> 81.6 | M106: 7 | O106: A distinctive Rockstar-era AAA detective adventure with facial-performance technology and strong atmosphere. | P106: View cover
A110: Curated by Leul Tewodros Agonafer
A111: GitHub · LeulTew/play-100 | F111: LinkedIn · Leul Tewodros Agonafer | K111: Telegram · @fabbin

Sheet Chronology
A1: A CHRONOLOGY OF THE COLLECTION
A2: All 100 entries, ordered by the source year, then curated rank. These are source years—not independently verified release dates.
A4: ← Start Here | C4: The 100 → | F4: How to read →
A5: Ranks stay curated. Critics and Leul's preserved original ratings look up The 100 by rank; links remain correct after sorting.
A6: Year | B6: Rank | C6: Game | D6: Tier | E6: Publisher / Studio | F6: Genre | G6: Critic average /100 | H6: Leul's original rating /10 | I6: Source note | J6: Entry
A7: 2000 | B7: 22 | C7: Baldur's Gate II: Shadows of Amn | D7: Core | E7: BioWare / Interplay | F7: CRPG / RPG | G7: =IFERROR(INDEX('The 100'!$L$7:$L$106,MATCH(B7,'The 100'!$A$7:$A$106,0)),"") -> 95.5 | H7: =IFERROR(INDEX('The 100'!$M$7:$M$106,MATCH(B7,'The 100'!$A$7:$A$106,0)),"") -> 9.4 | I7: (AI – not played) | J7: =HYPERLINK("#'The 100'!B"&(MATCH(B7,'The 100'!$A$7:$A$106,0)+6),"Open entry") -> Open entry
A8: 2000 | B8: 60 | C8: Diablo II | D8: Essential | E8: Blizzard | F8: Action RPG | G8: =IFERROR(INDEX('The 100'!$L$7:$L$106,MATCH(B8,'The 100'!$A$7:$A$106,0)),"") -> 89.333333 | H8: =IFERROR(INDEX('The 100'!$M$7:$M$106,MATCH(B8,'The 100'!$A$7:$A$106,0)),"") -> 8.2121212 | J8: =HYPERLINK("#'The 100'!B"&(MATCH(B8,'The 100'!$A$7:$A$106,0)+6),"Open entry") -> Open entry
A9: 2002 | B9: 46 | C9: Grand Theft Auto: Vice City | D9: Core | E9: Rockstar North / Rockstar | F9: Open-world / Action-Adventure | G9: =IFERROR(INDEX('The 100'!$L$7:$L$106,MATCH(B9,'The 100'!$A$7:$A$106,0)),"") -> 95.666667 | H9: =IFERROR(INDEX('The 100'!$M$7:$M$106,MATCH(B9,'The 100'!$A$7:$A$106,0)),"") -> 8.6363636 | J9: =HYPERLINK("#'The 100'!B"&(MATCH(B9,'The 100'!$A$7:$A$106,0)+6),"Open entry") -> Open entry
A10: 2002 | B10: 64 | C10: Warcraft III: Reign of Chaos | D10: Essential | E10: Blizzard | F10: RTS | G10: =IFERROR(INDEX('The 100'!$L$7:$L$106,MATCH(B10,'The 100'!$A$7:$A$106,0)),"") -> 92.333333 | H10: =IFERROR(INDEX('The 100'!$M$7:$M$106,MATCH(B10,'The 100'!$A$7:$A$106,0)),"") -> 8.0909091 | J10: =HYPERLINK("#'The 100'!B"&(MATCH(B10,'The 100'!$A$7:$A$106,0)+6),"Open entry") -> Open entry
A11: 2003 | B11: 30 | C11: Star Wars: Knights of the Old Republic | D11: Core | E11: BioWare / LucasArts | F11: RPG | G11: =IFERROR(INDEX('The 100'!$L$7:$L$106,MATCH(B11,'The 100'!$A$7:$A$106,0)),"") -> 92.6 | H11: =IFERROR(INDEX('The 100'!$M$7:$M$106,MATCH(B11,'The 100'!$A$7:$A$106,0)),"") -> 9.1 | I11: (AI – not played) | J11: =HYPERLINK("#'The 100'!B"&(MATCH(B11,'The 100'!$A$7:$A$106,0)+6),"Open entry") -> Open entry
A12: 2004 | B12: 19 | C12: Grand Theft Auto: San Andreas | D12: Core | E12: Rockstar North / Rockstar | F12: Open-world / Action-Adventure | G12: =IFERROR(INDEX('The 100'!$L$7:$L$106,MATCH(B12,'The 100'!$A$7:$A$106,0)),"") -> 95.5 | H12: =IFERROR(INDEX('The 100'!$M$7:$M$106,MATCH(B12,'The 100'!$A$7:$A$106,0)),"") -> 9.4545455 | J12: =HYPERLINK("#'The 100'!B"&(MATCH(B12,'The 100'!$A$7:$A$106,0)+6),"Open entry") -> Open entry
A13: 2004 | B13: 25 | C13: Half-Life 2 | D13: Core | E13: Valve | F13: FPS / Action | G13: =IFERROR(INDEX('The 100'!$L$7:$L$106,MATCH(B13,'The 100'!$A$7:$A$106,0)),"") -> 95.4 | H13: =IFERROR(INDEX('The 100'!$M$7:$M$106,MATCH(B13,'The 100'!$A$7:$A$106,0)),"") -> 9.2727273 | J13: =HYPERLINK("#'The 100'!B"&(MATCH(B13,'The 100'!$A$7:$A$106,0)+6),"Open entry") -> Open entry
A14: 2004 | B14: 31 | C14: Metal Gear Solid 3: Snake Eater | D14: Core | E14: Konami | F14: Action / Stealth | G14: =IFERROR(INDEX('The 100'!$L$7:$L$106,MATCH(B14,'The 100'!$A$7:$A$106,0)),"") -> 90.5 | H14: =IFERROR(INDEX('The 100'!$M$7:$M$106,MATCH(B14,'The 100'!$A$7:$A$106,0)),"") -> 9.0909091 | J14: =HYPERLINK("#'The 100'!B"&(MATCH(B14,'The 100'!$A$7:$A$106,0)+6),"Open entry") -> Open entry
A15: 2004 | B15: 62 | C15: World of Warcraft | D15: Essential | E15: Blizzard | F15: MMORPG | G15: =IFERROR(INDEX('The 100'!$L$7:$L$106,MATCH(B15,'The 100'!$A$7:$A$106,0)),"") -> 92.666667 | H15: =IFERROR(INDEX('The 100'!$M$7:$M$106,MATCH(B15,'The 100'!$A$7:$A$106,0)),"") -> 8.1515152 | J15: =HYPERLINK("#'The 100'!B"&(MATCH(B15,'The 100'!$A$7:$A$106,0)+6),"Open entry") -> Open entry
A16: 2005 | B16: 58 | C16: Kingdom Hearts II | D16: Essential | E16: Square Enix | F16: Action RPG | G16: =IFERROR(INDEX('The 100'!$L$7:$L$106,MATCH(B16,'The 100'!$A$7:$A$106,0)),"") -> 89 | H16: =IFERROR(INDEX('The 100'!$M$7:$M$106,MATCH(B16,'The 100'!$A$7:$A$106,0)),"") -> 8.2727273 | J16: =HYPERLINK("#'The 100'!B"&(MATCH(B16,'The 100'!$A$7:$A$106,0)+6),"Open entry") -> Open entry
A17: 2006 | B17: 35 | C17: The Elder Scrolls IV: Oblivion | D17: Core | E17: Bethesda Game Studios | F17: Open-world RPG | G17: =IFERROR(INDEX('The 100'!$L$7:$L$106,MATCH(B17,'The 100'!$A$7:$A$106,0)),"") -> 93.6 | H17: =IFERROR(INDEX('The 100'!$M$7:$M$106,MATCH(B17,'The 100'!$A$7:$A$106,0)),"") -> 8.969697 | J17: =HYPERLINK("#'The 100'!B"&(MATCH(B17,'The 100'!$A$7:$A$106,0)+6),"Open entry") -> Open entry
A18: 2007 | B18: 9 | C18: BioShock | D18: Core | E18: 2K / Irrational Games | F18: FPS / Narrative | G18: =IFERROR(INDEX('The 100'!$L$7:$L$106,MATCH(B18,'The 100'!$A$7:$A$106,0)),"") -> 94 | H18: =IFERROR(INDEX('The 100'!$M$7:$M$106,MATCH(B18,'The 100'!$A$7:$A$106,0)),"") -> 9.7575758 | J18: =HYPERLINK("#'The 100'!B"&(MATCH(B18,'The 100'!$A$7:$A$106,0)+6),"Open entry") -> Open entry
A19: 2007 | B19: 10 | C19: Mass Effect | D19: Core | E19: BioWare / EA | F19: Action RPG / Sci-Fi | G19: =IFERROR(INDEX('The 100'!$L$7:$L$106,MATCH(B19,'The 100'!$A$7:$A$106,0)),"") -> 87 | H19: =IFERROR(INDEX('The 100'!$M$7:$M$106,MATCH(B19,'The 100'!$A$7:$A$106,0)),"") -> 9.7272727 | J19: =HYPERLINK("#'The 100'!B"&(MATCH(B19,'The 100'!$A$7:$A$106,0)+6),"Open entry") -> Open entry
A20: 2007 | B20: 23 | C20: Halo 3 | D20: Core | E20: Bungie / Microsoft | F20: FPS | G20: =IFERROR(INDEX('The 100'!$L$7:$L$106,MATCH(B20,'The 100'!$A$7:$A$106,0)),"") -> 94.5 | H20: =IFERROR(INDEX('The 100'!$M$7:$M$106,MATCH(B20,'The 100'!$A$7:$A$106,0)),"") -> 9.3333333 | J20: =HYPERLINK("#'The 100'!B"&(MATCH(B20,'The 100'!$A$7:$A$106,0)+6),"Open entry") -> Open entry
A21: 2007 | B21: 32 | C21: Call of Duty 4: Modern Warfare | D21: Core | E21: Infinity Ward / Activision | F21: FPS | G21: =IFERROR(INDEX('The 100'!$L$7:$L$106,MATCH(B21,'The 100'!$A$7:$A$106,0)),"") -> 92.5 | H21: =IFERROR(INDEX('The 100'!$M$7:$M$106,MATCH(B21,'The 100'!$A$7:$A$106,0)),"") -> 9.0606061 | J21: =HYPERLINK("#'The 100'!B"&(MATCH(B21,'The 100'!$A$7:$A$106,0)+6),"Open entry") -> Open entry
A22: 2008 | B22: 7 | C22: Grand Theft Auto IV | D22: Core | E22: Rockstar Games | F22: Open-world / Action-Adventure | G22: =IFERROR(INDEX('The 100'!$L$7:$L$106,MATCH(B22,'The 100'!$A$7:$A$106,0)),"") -> 96 | H22: =IFERROR(INDEX('The 100'!$M$7:$M$106,MATCH(B22,'The 100'!$A$7:$A$106,0)),"") -> 9.8 | J22: =HYPERLINK("#'The 100'!B"&(MATCH(B22,'The 100'!$A$7:$A$106,0)+6),"Open entry") -> Open entry
A23: 2008 | B23: 21 | C23: Fallout 3 | D23: Core | E23: Bethesda Game Studios | F23: Open-world RPG | G23: =IFERROR(INDEX('The 100'!$L$7:$L$106,MATCH(B23,'The 100'!$A$7:$A$106,0)),"") -> 92.4 | H23: =IFERROR(INDEX('The 100'!$M$7:$M$106,MATCH(B23,'The 100'!$A$7:$A$106,0)),"") -> 9.3939394 | J23: =HYPERLINK("#'The 100'!B"&(MATCH(B23,'The 100'!$A$7:$A$106,0)+6),"Open entry") -> Open entry
... A30: 2010 | B30: 67 | C30: Call of Duty: Black Ops | D30: Essential | E30: Treyarch / Activision | F30: FPS | G30: =IFERROR(INDEX('The 100'!$L$7:$L$106,MATCH(B30,'The 100'!$A$7:$A$106,0)),"") -> 87.25 | H30: =IFERROR(INDEX('The 100'!$M$7:$M$106,MATCH(B30,'The 100'!$A$7:$A$106,0)),"") -> 8 | J30: =HYPERLINK("#'The 100'!B"&(MATCH(B30,'The 100'!$A$7:$A$106,0)+6),"Open entry") -> Open entry
A31: 2011 | B31: 11 | C31: The Elder Scrolls V: Skyrim | D31: Core | E31: Bethesda Game Studios | F31: Open-world RPG | G31: =IFERROR(INDEX('The 100'!$L$7:$L$106,MATCH(B31,'The 100'!$A$7:$A$106,0)),"") -> 94.8 | H31: =IFERROR(INDEX('The 100'!$M$7:$M$106,MATCH(B31,'The 100'!$A$7:$A$106,0)),"") -> 9.7 | I31: (AI – not played) | J31: =HYPERLINK("#'The 100'!B"&(MATCH(B31,'The 100'!$A$7:$A$106,0)+6),"Open entry") -> Open entry
A32: 2011 | B32: 14 | C32: Batman: Arkham City | D32: Core | E32: Rocksteady / WB Games | F32: Action-Adventure | G32: =IFERROR(INDEX('The 100'!$L$7:$L$106,MATCH(B32,'The 100'!$A$7:$A$106,0)),"") -> 93.4 | H32: =IFERROR(INDEX('The 100'!$M$7:$M$106,MATCH(B32,'The 100'!$A$7:$A$106,0)),"") -> 9.6060606 | J32: =HYPERLINK("#'The 100'!B"&(MATCH(B32,'The 100'!$A$7:$A$106,0)+6),"Open entry") -> Open entry
A33: 2011 | B33: 24 | C33: Portal 2 | D33: Core | E33: Valve | F33: Puzzle / Adventure | G33: =IFERROR(INDEX('The 100'!$L$7:$L$106,MATCH(B33,'The 100'!$A$7:$A$106,0)),"") -> 96.8 | H33: =IFERROR(INDEX('The 100'!$M$7:$M$106,MATCH(B33,'The 100'!$A$7:$A$106,0)),"") -> 9.3 | I33: (AI – not played) | J33: =HYPERLINK("#'The 100'!B"&(MATCH(B33,'The 100'!$A$7:$A$106,0)+6),"Open entry") -> Open entry
A34: 2011 | B34: 70 | C34: Battlefield 3 | D34: Essential | E34: DICE / EA | F34: FPS | G34: =IFERROR(INDEX('The 100'!$L$7:$L$106,MATCH(B34,'The 100'!$A$7:$A$106,0)),"") -> 88 | H34: =IFERROR(INDEX('The 100'!$M$7:$M$106,MATCH(B34,'The 100'!$A$7:$A$106,0)),"") -> 7.9090909 | J34: =HYPERLINK("#'The 100'!B"&(MATCH(B34,'The 100'!$A$7:$A$106,0)+6),"Open entry") -> Open entry
A35: 2011 | B35: 100 | C35: L.A. Noire | D35: Essential | E35: Team Bondi / Rockstar Games | F35: Action-Adventure / Detective | G35: =IFERROR(INDEX('The 100'!$L$7:$L$106,MATCH(B35,'The 100'!$A$7:$A$106,0)),"") -> 81.6 | H35: =IFERROR(INDEX('The 100'!$M$7:$M$106,MATCH(B35,'The 100'!$A$7:$A$106,0)),"") -> 7 | J35: =HYPERLINK("#'The 100'!B"&(MATCH(B35,'The 100'!$A$7:$A$106,0)+6),"Open entry") -> Open entry
A36: 2012 | B36: 20 | C36: Mass Effect 3 | D36: Core | E36: BioWare / EA | F36: Action RPG / Sci-Fi | G36: =IFERROR(INDEX('The 100'!$L$7:$L$106,MATCH(B36,'The 100'!$A$7:$A$106,0)),"") -> 92.4 | H36: =IFERROR(INDEX('The 100'!$M$7:$M$106,MATCH(B36,'The 100'!$A$7:$A$106,0)),"") -> 9.4242424 | J36: =HYPERLINK("#'The 100'!B"&(MATCH(B36,'The 100'!$A$7:$A$106,0)+6),"Open entry") -> Open entry
A37: 2012 | B37: 34 | C37: Dishonored | D37: Core | E37: Arkane / Bethesda | F37: Immersive Sim / Action | G37: =IFERROR(INDEX('The 100'!$L$7:$L$106,MATCH(B37,'The 100'!$A$7:$A$106,0)),"") -> 89.2 | H37: =IFERROR(INDEX('The 100'!$M$7:$M$106,MATCH(B37,'The 100'!$A$7:$A$106,0)),"") -> 9 | I37: (AI – not played) | J37: =HYPERLINK("#'The 100'!B"&(MATCH(B37,'The 100'!$A$7:$A$106,0)+6),"Open entry") -> Open entry
A38: 2012 | B38: 68 | C38: Call of Duty: Black Ops II | D38: Essential | E38: Treyarch / Activision | F38: FPS | G38: =IFERROR(INDEX('The 100'!$L$7:$L$106,MATCH(B38,'The 100'!$A$7:$A$106,0)),"") -> 85.8 | H38: =IFERROR(INDEX('The 100'!$M$7:$M$106,MATCH(B38,'The 100'!$A$7:$A$106,0)),"") -> 7.969697 | J38: =HYPERLINK("#'The 100'!B"&(MATCH(B38,'The 100'!$A$7:$A$106,0)+6),"Open entry") -> Open entry
A39: 2012 | B39: 95 | C39: Sleeping Dogs | D39: Essential | E39: United Front Games / Square Enix | F39: Open-world Action | G39: =IFERROR(INDEX('The 100'!$L$7:$L$106,MATCH(B39,'The 100'!$A$7:$A$106,0)),"") -> 81.6 | H39: =IFERROR(INDEX('The 100'!$M$7:$M$106,MATCH(B39,'The 100'!$A$7:$A$106,0)),"") -> 7.1515152 | J39: =HYPERLINK("#'The 100'!B"&(MATCH(B39,'The 100'!$A$7:$A$106,0)+6),"Open entry") -> Open entry
A40: 2012 | B40: 97 | C40: Max Payne 3 | D40: Essential | E40: Rockstar Studios / Rockstar Games | F40: Third-person Shooter / Action | G40: =IFERROR(INDEX('The 100'!$L$7:$L$106,MATCH(B40,'The 100'!$A$7:$A$106,0)),"") -> 88.4 | H40: =IFERROR(INDEX('The 100'!$M$7:$M$106,MATCH(B40,'The 100'!$A$7:$A$106,0)),"") -> 7.0909091 | J40: =HYPERLINK("#'The 100'!B"&(MATCH(B40,'The 100'!$A$7:$A$106,0)+6),"Open entry") -> Open entry
A41: 2013 | B41: 5 | C41: The Last of Us | D41: Core | E41: Naughty Dog / Sony | F41: Action-Adventure / Survival | G41: =IFERROR(INDEX('The 100'!$L$7:$L$106,MATCH(B41,'The 100'!$A$7:$A$106,0)),"") -> 91.666667 | H41: =IFERROR(INDEX('The 100'!$M$7:$M$106,MATCH(B41,'The 100'!$A$7:$A$106,0)),"") -> 9.8787879 | J41: =HYPERLINK("#'The 100'!B"&(MATCH(B41,'The 100'!$A$7:$A$106,0)+6),"Open entry") -> Open entry
A42: 2013 | B42: 6 | C42: Grand Theft Auto V | D42: Core | E42: Rockstar Games | F42: Open-world / Action-Adventure | G42: =IFERROR(INDEX('The 100'!$L$7:$L$106,MATCH(B42,'The 100'!$A$7:$A$106,0)),"") -> 95.2 | H42: =IFERROR(INDEX('The 100'!$M$7:$M$106,MATCH(B42,'The 100'!$A$7:$A$106,0)),"") -> 9.8484848 | J42: =HYPERLINK("#'The 100'!B"&(MATCH(B42,'The 100'!$A$7:$A$106,0)+6),"Open entry") -> Open entry
A43: 2013 | B43: 33 | C43: Assassin's Creed IV: Black Flag | D43: Core | E43: Ubisoft Montreal / Ubisoft | F43: Open-world Action-Adventure | G43: =IFERROR(INDEX('The 100'!$L$7:$L$106,MATCH(B43,'The 100'!$A$7:$A$106,0)),"") -> 87.6 | H43: =IFERROR(INDEX('The 100'!$M$7:$M$106,MATCH(B43,'The 100'!$A$7:$A$106,0)),"") -> 9.030303 | J43: =HYPERLINK("#'The 100'!B"&(MATCH(B43,'The 100'!$A$7:$A$106,0)+6),"Open entry") -> Open entry
A44: 2013 | B44: 71 | C44: Battlefield 4 | D44: Essential | E44: DICE / EA | F44: FPS | G44: =IFERROR(INDEX('The 100'!$L$7:$L$106,MATCH(B44,'The 100'!$A$7:$A$106,0)),"") -> 82.5 | H44: =IFERROR(INDEX('The 100'!$M$7:$M$106,MATCH(B44,'The 100'!$A$7:$A$106,0)),"") -> 7.8787879 | J44: =HYPERLINK("#'The 100'!B"&(MATCH(B44,'The 100'!$A$7:$A$106,0)+6),"Open entry") -> Open entry
A45: 2013 | B45: 98 | C45: Tomb Raider | D45: Essential | E45: Crystal Dynamics / Square Enix | F45: Action-Adventure | G45: =IFERROR(INDEX('The 100'!$L$7:$L$106,MATCH(B45,'The 100'!$A$7:$A$106,0)),"") -> 86.4 | H45: =IFERROR(INDEX('The 100'!$M$7:$M$106,MATCH(B45,'The 100'!$A$7:$A$106,0)),"") -> 7.0606061 | J45: =HYPERLINK("#'The 100'!B"&(MATCH(B45,'The 100'!$A$7:$A$106,0)+6),"Open entry") -> Open entry
A46: 2014 | B46: 37 | C46: Far Cry 4 | D46: Core | E46: Ubisoft Montreal / Ubisoft | F46: Open-world FPS | G46: =IFERROR(INDEX('The 100'!$L$7:$L$106,MATCH(B46,'The 100'!$A$7:$A$106,0)),"") -> 82 | H46: =IFERROR(INDEX('The 100'!$M$7:$M$106,MATCH(B46,'The 100'!$A$7:$A$106,0)),"") -> 8.9090909 | J46: =HYPERLINK("#'The 100'!B"&(MATCH(B46,'The 100'!$A$7:$A$106,0)+6),"Open entry") -> Open entry
A47: 2014 | B47: 38 | C47: Dragon Age: Inquisition | D47: Core | E47: BioWare / EA | F47: Open-world RPG | G47: =IFERROR(INDEX('The 100'!$L$7:$L$106,MATCH(B47,'The 100'!$A$7:$A$106,0)),"") -> 87.8 | H47: =IFERROR(INDEX('The 100'!$M$7:$M$106,MATCH(B47,'The 100'!$A$7:$A$106,0)),"") -> 8.9 | I47: (AI – not played) | J47: =HYPERLINK("#'The 100'!B"&(MATCH(B47,'The 100'!$A$7:$A$106,0)+6),"Open entry") -> Open entry
A48: 2014 | B48: 81 | C48: Shadow of Mordor | D48: Essential | E48: Monolith / WB Games | F48: Open-world Action | G48: =IFERROR(INDEX('The 100'!$L$7:$L$106,MATCH(B48,'The 100'!$A$7:$A$106,0)),"") -> 84 | H48: =IFERROR(INDEX('The 100'!$M$7:$M$106,MATCH(B48,'The 100'!$A$7:$A$106,0)),"") -> 7.5757576 | J48: =HYPERLINK("#'The 100'!B"&(MATCH(B48,'The 100'!$A$7:$A$106,0)+6),"Open entry") -> Open entry
A49: 2015 | B49: 3 | C49: The Witcher 3: Wild Hunt | D49: Core | E49: CD Projekt Red | F49: Open-world RPG | G49: =IFERROR(INDEX('The 100'!$L$7:$L$106,MATCH(B49,'The 100'!$A$7:$A$106,0)),"") -> 92 | H49: =IFERROR(INDEX('The 100'!$M$7:$M$106,MATCH(B49,'The 100'!$A$7:$A$106,0)),"") -> 9.9 | I49: (AI – not played) | J49: =HYPERLINK("#'The 100'!B"&(MATCH(B49,'The 100'!$A$7:$A$106,0)+6),"Open entry") -> Open entry
A50: 2015 | B50: 45 | C50: Bloodborne | D50: Core | E50: FromSoftware / Sony | F50: Action RPG | G50: =IFERROR(INDEX('The 100'!$L$7:$L$106,MATCH(B50,'The 100'!$A$7:$A$106,0)),"") -> 91 | H50: =IFERROR(INDEX('The 100'!$M$7:$M$106,MATCH(B50,'The 100'!$A$7:$A$106,0)),"") -> 8.6666667 | J50: =HYPERLINK("#'The 100'!B"&(MATCH(B50,'The 100'!$A$7:$A$106,0)+6),"Open entry") -> Open entry
A51: 2015 | B51: 72 | C51: Metal Gear Solid V: The Phantom Pain | D51: Essential | E51: Kojima Productions / Konami | F51: Open-world Action | G51: =IFERROR(INDEX('The 100'!$L$7:$L$106,MATCH(B51,'The 100'!$A$7:$A$106,0)),"") -> 96.2 | H51: =IFERROR(INDEX('The 100'!$M$7:$M$106,MATCH(B51,'The 100'!$A$7:$A$106,0)),"") -> 7.8484848 | J51: =HYPERLINK("#'The 100'!B"&(MATCH(B51,'The 100'!$A$7:$A$106,0)+6),"Open entry") -> Open entry
A52: 2015 | B52: 96 | C52: Just Cause 3 | D52: Essential | E52: Avalanche Studios / Square Enix | F52: Open-world Action | G52: =IFERROR(INDEX('The 100'!$L$7:$L$106,MATCH(B52,'The 100'!$A$7:$A$106,0)),"") -> 74.6 | H52: =IFERROR(INDEX('The 100'!$M$7:$M$106,MATCH(B52,'The 100'!$A$7:$A$106,0)),"") -> 7.1212121 | J52: =HYPERLINK("#'The 100'!B"&(MATCH(B52,'The 100'!$A$7:$A$106,0)+6),"Open entry") -> Open entry
A53: 2015 | B53: 99 | C53: Rise of the Tomb Raider | D53: Essential | E53: Crystal Dynamics / Square Enix | F53: Action-Adventure | G53: =IFERROR(INDEX('The 100'!$L$7:$L$106,MATCH(B53,'The 100'!$A$7:$A$106,0)),"") -> 87 | H53: =IFERROR(INDEX('The 100'!$M$7:$M$106,MATCH(B53,'The 100'!$A$7:$A$106,0)),"") -> 7.030303 | J53: =HYPERLINK("#'The 100'!B"&(MATCH(B53,'The 100'!$A$7:$A$106,0)+6),"Open entry") -> Open entry
A54: 2016 | B54: 16 | C54: Uncharted 4: A Thief's End | D54: Core | E54: Naughty Dog / Sony | F54: Action-Adventure | G54: =IFERROR(INDEX('The 100'!$L$7:$L$106,MATCH(B54,'The 100'!$A$7:$A$106,0)),"") -> 96.5 | H54: =IFERROR(INDEX('The 100'!$M$7:$M$106,MATCH(B54,'The 100'!$A$7:$A$106,0)),"") -> 9.5454545 | J54: =HYPERLINK("#'The 100'!B"&(MATCH(B54,'The 100'!$A$7:$A$106,0)+6),"Open entry") -> Open entry
A55: 2016 | B55: 42 | C55: Titanfall 2 | D55: Core | E55: Respawn / EA | F55: FPS | G55: =IFERROR(INDEX('The 100'!$L$7:$L$106,MATCH(B55,'The 100'!$A$7:$A$106,0)),"") -> 88.8 | H55: =IFERROR(INDEX('The 100'!$M$7:$M$106,MATCH(B55,'The 100'!$A$7:$A$106,0)),"") -> 8.7575758 | J55: =HYPERLINK("#'The 100'!B"&(MATCH(B55,'The 100'!$A$7:$A$106,0)+6),"Open entry") -> Open entry
A56: 2016 | B56: 57 | C56: Final Fantasy XV | D56: Essential | E56: Square Enix | F56: Open-world Action RPG | G56: =IFERROR(INDEX('The 100'!$L$7:$L$106,MATCH(B56,'The 100'!$A$7:$A$106,0)),"") -> 82 | H56: =IFERROR(INDEX('The 100'!$M$7:$M$106,MATCH(B56,'The 100'!$A$7:$A$106,0)),"") -> 8.3030303 | J56: =HYPERLINK("#'The 100'!B"&(MATCH(B56,'The 100'!$A$7:$A$106,0)+6),"Open entry") -> Open entry
A57: 2016 | B57: 65 | C57: Overwatch | D57: Essential | E57: Blizzard | F57: Hero Shooter | G57: =IFERROR(INDEX('The 100'!$L$7:$L$106,MATCH(B57,'The 100'!$A$7:$A$106,0)),"") -> 91.4 | H57: =IFERROR(INDEX('The 100'!$M$7:$M$106,MATCH(B57,'The 100'!$A$7:$A$106,0)),"") -> 8.0606061 | J57: =HYPERLINK("#'The 100'!B"&(MATCH(B57,'The 100'!$A$7:$A$106,0)+6),"Open entry") -> Open entry
A58: 2016 | B58: 69 | C58: Battlefield 1 | D58: Essential | E58: DICE / EA | F58: FPS | G58: =IFERROR(INDEX('The 100'!$L$7:$L$106,MATCH(B58,'The 100'!$A$7:$A$106,0)),"") -> 86 | H58: =IFERROR(INDEX('The 100'!$M$7:$M$106,MATCH(B58,'The 100'!$A$7:$A$106,0)),"") -> 7.9393939 | J58: =HYPERLINK("#'The 100'!B"&(MATCH(B58,'The 100'!$A$7:$A$106,0)+6),"Open entry") -> Open entry
A59: 2016 | B59: 73 | C59: Hitman: World of Assassination | D59: Essential | E59: IO Interactive | F59: Stealth / Action | G59: =IFERROR(INDEX('The 100'!$L$7:$L$106,MATCH(B59,'The 100'!$A$7:$A$106,0)),"") -> 85.4 | H59: =IFERROR(INDEX('The 100'!$M$7:$M$106,MATCH(B59,'The 100'!$A$7:$A$106,0)),"") -> 7.8181818 | J59: =HYPERLINK("#'The 100'!B"&(MATCH(B59,'The 100'!$A$7:$A$106,0)+6),"Open entry") -> Open entry
A60: 2016 | B60: 74 | C60: Dishonored 2 | D60: Essential | E60: Arkane / Bethesda | F60: Immersive Sim / Action | G60: =IFERROR(INDEX('The 100'!$L$7:$L$106,MATCH(B60,'The 100'!$A$7:$A$106,0)),"") -> 88.8 | H60: =IFERROR(INDEX('The 100'!$M$7:$M$106,MATCH(B60,'The 100'!$A$7:$A$106,0)),"") -> 7.7878788 | J60: =HYPERLINK("#'The 100'!B"&(MATCH(B60,'The 100'!$A$7:$A$106,0)+6),"Open entry") -> Open entry
A61: 2016 | B61: 89 | C61: The Division | D61: Essential | E61: Massive / Ubisoft | F61: Online Action RPG / Shooter | G61: =IFERROR(INDEX('The 100'!$L$7:$L$106,MATCH(B61,'The 100'!$A$7:$A$106,0)),"") -> 72.2 | H61: =IFERROR(INDEX('The 100'!$M$7:$M$106,MATCH(B61,'The 100'!$A$7:$A$106,0)),"") -> 7.3333333 | J61: =HYPERLINK("#'The 100'!B"&(MATCH(B61,'The 100'!$A$7:$A$106,0)+6),"Open entry") -> Open entry
... A63: 2017 | B63: 43 | C63: Star Wars Battlefront II | D63: Core | E63: DICE / EA | F63: FPS / Action | G63: =IFERROR(INDEX('The 100'!$L$7:$L$106,MATCH(B63,'The 100'!$A$7:$A$106,0)),"") -> 75.2 | H63: =IFERROR(INDEX('The 100'!$M$7:$M$106,MATCH(B63,'The 100'!$A$7:$A$106,0)),"") -> 8.7272727 | J63: =HYPERLINK("#'The 100'!B"&(MATCH(B63,'The 100'!$A$7:$A$106,0)+6),"Open entry") -> Open entry
A64: 2017 | B64: 48 | C64: Horizon Zero Dawn | D64: Core | E64: Guerrilla / Sony | F64: Open-world Action RPG | G64: =IFERROR(INDEX('The 100'!$L$7:$L$106,MATCH(B64,'The 100'!$A$7:$A$106,0)),"") -> 88.2 | H64: =IFERROR(INDEX('The 100'!$M$7:$M$106,MATCH(B64,'The 100'!$A$7:$A$106,0)),"") -> 8.6 | I64: (AI – not played) | J64: =HYPERLINK("#'The 100'!B"&(MATCH(B64,'The 100'!$A$7:$A$106,0)+6),"Open entry") -> Open entry
A65: 2017 | B65: 59 | C65: NieR:Automata | D65: Essential | E65: PlatinumGames / Square Enix | F65: Action RPG | G65: =IFERROR(INDEX('The 100'!$L$7:$L$106,MATCH(B65,'The 100'!$A$7:$A$106,0)),"") -> 84.75 | H65: =IFERROR(INDEX('The 100'!$M$7:$M$106,MATCH(B65,'The 100'!$A$7:$A$106,0)),"") -> 8.2424242 | J65: =HYPERLINK("#'The 100'!B"&(MATCH(B65,'The 100'!$A$7:$A$106,0)+6),"Open entry") -> Open entry
A66: 2017 | B66: 75 | C66: Prey | D66: Essential | E66: Arkane / Bethesda | F66: Immersive Sim / FPS | G66: =IFERROR(INDEX('The 100'!$L$7:$L$106,MATCH(B66,'The 100'!$A$7:$A$106,0)),"") -> 82 | H66: =IFERROR(INDEX('The 100'!$M$7:$M$106,MATCH(B66,'The 100'!$A$7:$A$106,0)),"") -> 7.7575758 | J66: =HYPERLINK("#'The 100'!B"&(MATCH(B66,'The 100'!$A$7:$A$106,0)+6),"Open entry") -> Open entry
A67: 2017 | B67: 76 | C67: The Evil Within 2 | D67: Essential | E67: Tango Gameworks / Bethesda | F67: Survival Horror | G67: =IFERROR(INDEX('The 100'!$L$7:$L$106,MATCH(B67,'The 100'!$A$7:$A$106,0)),"") -> 80.4 | H67: =IFERROR(INDEX('The 100'!$M$7:$M$106,MATCH(B67,'The 100'!$A$7:$A$106,0)),"") -> 7.7272727 | J67: =HYPERLINK("#'The 100'!B"&(MATCH(B67,'The 100'!$A$7:$A$106,0)+6),"Open entry") -> Open entry
A68: 2017 | B68: 77 | C68: Resident Evil 7: Biohazard | D68: Essential | E68: Capcom | F68: Survival Horror | G68: =IFERROR(INDEX('The 100'!$L$7:$L$106,MATCH(B68,'The 100'!$A$7:$A$106,0)),"") -> 83.6 | H68: =IFERROR(INDEX('The 100'!$M$7:$M$106,MATCH(B68,'The 100'!$A$7:$A$106,0)),"") -> 7.6969697 | J68: =HYPERLINK("#'The 100'!B"&(MATCH(B68,'The 100'!$A$7:$A$106,0)+6),"Open entry") -> Open entry
A69: 2017 | B69: 82 | C69: Middle-earth: Shadow of War | D69: Essential | E69: Monolith / WB Games | F69: Open-world Action | G69: =IFERROR(INDEX('The 100'!$L$7:$L$106,MATCH(B69,'The 100'!$A$7:$A$106,0)),"") -> 79.2 | H69: =IFERROR(INDEX('The 100'!$M$7:$M$106,MATCH(B69,'The 100'!$A$7:$A$106,0)),"") -> 7.5454545 | J69: =HYPERLINK("#'The 100'!B"&(MATCH(B69,'The 100'!$A$7:$A$106,0)+6),"Open entry") -> Open entry
A70: 2017 | B70: 91 | C70: Assassin's Creed Origins | D70: Essential | E70: Ubisoft Montreal / Ubisoft | F70: Open-world Action RPG | G70: =IFERROR(INDEX('The 100'!$L$7:$L$106,MATCH(B70,'The 100'!$A$7:$A$106,0)),"") -> 81.4 | H70: =IFERROR(INDEX('The 100'!$M$7:$M$106,MATCH(B70,'The 100'!$A$7:$A$106,0)),"") -> 7.2727273 | J70: =HYPERLINK("#'The 100'!B"&(MATCH(B70,'The 100'!$A$7:$A$106,0)+6),"Open entry") -> Open entry
A71: 2018 | B71: 1 | C71: Red Dead Redemption 2 | D71: Core | E71: Rockstar Games | F71: Open-world / Action-Adventure | G71: =IFERROR(INDEX('The 100'!$L$7:$L$106,MATCH(B71,'The 100'!$A$7:$A$106,0)),"") -> 95 | H71: =IFERROR(INDEX('The 100'!$M$7:$M$106,MATCH(B71,'The 100'!$A$7:$A$106,0)),"") -> 10 | J71: =HYPERLINK("#'The 100'!B"&(MATCH(B71,'The 100'!$A$7:$A$106,0)+6),"Open entry") -> Open entry
A72: 2018 | B72: 4 | C72: God of War | D72: Core | E72: Santa Monica Studio / Sony | F72: Action-Adventure | G72: =IFERROR(INDEX('The 100'!$L$7:$L$106,MATCH(B72,'The 100'!$A$7:$A$106,0)),"") -> 92.8 | H72: =IFERROR(INDEX('The 100'!$M$7:$M$106,MATCH(B72,'The 100'!$A$7:$A$106,0)),"") -> 9.9090909 | J72: =HYPERLINK("#'The 100'!B"&(MATCH(B72,'The 100'!$A$7:$A$106,0)+6),"Open entry") -> Open entry
A73: 2018 | B73: 92 | C73: Assassin's Creed Odyssey | D73: Essential | E73: Ubisoft Quebec / Ubisoft | F73: Open-world Action RPG | G73: =IFERROR(INDEX('The 100'!$L$7:$L$106,MATCH(B73,'The 100'!$A$7:$A$106,0)),"") -> 83 | H73: =IFERROR(INDEX('The 100'!$M$7:$M$106,MATCH(B73,'The 100'!$A$7:$A$106,0)),"") -> 7.2424242 | J73: =HYPERLINK("#'The 100'!B"&(MATCH(B73,'The 100'!$A$7:$A$106,0)+6),"Open entry") -> Open entry
A74: 2019 | B74: 29 | C74: Control | D74: Core | E74: Remedy / 505 Games | F74: Action-Adventure | G74: =IFERROR(INDEX('The 100'!$L$7:$L$106,MATCH(B74,'The 100'!$A$7:$A$106,0)),"") -> 84.6 | H74: =IFERROR(INDEX('The 100'!$M$7:$M$106,MATCH(B74,'The 100'!$A$7:$A$106,0)),"") -> 9.1515152 | J74: =HYPERLINK("#'The 100'!B"&(MATCH(B74,'The 100'!$A$7:$A$106,0)+6),"Open entry") -> Open entry
A75: 2019 | B75: 39 | C75: Metro Exodus | D75: Core | E75: 4A Games / Deep Silver | F75: FPS / Survival | G75: =IFERROR(INDEX('The 100'!$L$7:$L$106,MATCH(B75,'The 100'!$A$7:$A$106,0)),"") -> 81.2 | H75: =IFERROR(INDEX('The 100'!$M$7:$M$106,MATCH(B75,'The 100'!$A$7:$A$106,0)),"") -> 8.8484848 | J75: =HYPERLINK("#'The 100'!B"&(MATCH(B75,'The 100'!$A$7:$A$106,0)+6),"Open entry") -> Open entry
A76: 2019 | B76: 40 | C76: Resident Evil 2 | D76: Core | E76: Capcom | F76: Survival Horror | G76: =IFERROR(INDEX('The 100'!$L$7:$L$106,MATCH(B76,'The 100'!$A$7:$A$106,0)),"") -> 90.4 | H76: =IFERROR(INDEX('The 100'!$M$7:$M$106,MATCH(B76,'The 100'!$A$7:$A$106,0)),"") -> 8.8181818 | J76: =HYPERLINK("#'The 100'!B"&(MATCH(B76,'The 100'!$A$7:$A$106,0)+6),"Open entry") -> Open entry
... A92: 2021 | B92: 87 | C92: Deathloop | D92: Essential | E92: Arkane / Bethesda | F92: FPS / Immersive Sim | G92: =IFERROR(INDEX('The 100'!$L$7:$L$106,MATCH(B92,'The 100'!$A$7:$A$106,0)),"") -> 93.4 | H92: =IFERROR(INDEX('The 100'!$M$7:$M$106,MATCH(B92,'The 100'!$A$7:$A$106,0)),"") -> 7.3939394 | J92: =HYPERLINK("#'The 100'!B"&(MATCH(B92,'The 100'!$A$7:$A$106,0)+6),"Open entry") -> Open entry
A93: 2022 | B93: 15 | C93: Elden Ring | D93: Core | E93: FromSoftware / Bandai Namco | F93: Open-world Action RPG | G93: =IFERROR(INDEX('The 100'!$L$7:$L$106,MATCH(B93,'The 100'!$A$7:$A$106,0)),"") -> 97 | H93: =IFERROR(INDEX('The 100'!$M$7:$M$106,MATCH(B93,'The 100'!$A$7:$A$106,0)),"") -> 9.6 | I93: (AI – not played) | J93: =HYPERLINK("#'The 100'!B"&(MATCH(B93,'The 100'!$A$7:$A$106,0)+6),"Open entry") -> Open entry
A94: 2022 | B94: 17 | C94: God of War Ragnarök | D94: Core | E94: Santa Monica Studio / Sony | F94: Action-Adventure | G94: =IFERROR(INDEX('The 100'!$L$7:$L$106,MATCH(B94,'The 100'!$A$7:$A$106,0)),"") -> 95.6 | H94: =IFERROR(INDEX('The 100'!$M$7:$M$106,MATCH(B94,'The 100'!$A$7:$A$106,0)),"") -> 9.5151515 | J94: =HYPERLINK("#'The 100'!B"&(MATCH(B94,'The 100'!$A$7:$A$106,0)+6),"Open entry") -> Open entry
A95: 2022 | B95: 49 | C95: Horizon Forbidden West | D95: Core | E95: Guerrilla / Sony | F95: Open-world Action RPG | G95: =IFERROR(INDEX('The 100'!$L$7:$L$106,MATCH(B95,'The 100'!$A$7:$A$106,0)),"") -> 88.6 | H95: =IFERROR(INDEX('The 100'!$M$7:$M$106,MATCH(B95,'The 100'!$A$7:$A$106,0)),"") -> 8.5 | I95: (AI – not played) | J95: =HYPERLINK("#'The 100'!B"&(MATCH(B95,'The 100'!$A$7:$A$106,0)+6),"Open entry") -> Open entry
A96: 2023 | B96: 12 | C96: Baldur's Gate 3 | D96: Core | E96: Larian Studios | F96: CRPG / RPG | G96: =IFERROR(INDEX('The 100'!$L$7:$L$106,MATCH(B96,'The 100'!$A$7:$A$106,0)),"") -> 97.8 | H96: =IFERROR(INDEX('The 100'!$M$7:$M$106,MATCH(B96,'The 100'!$A$7:$A$106,0)),"") -> 9.7 | I96: (AI – not played) | J96: =HYPERLINK("#'The 100'!B"&(MATCH(B96,'The 100'!$A$7:$A$106,0)+6),"Open entry") -> Open entry
A97: 2023 | B97: 27 | C97: Resident Evil 4 | D97: Core | E97: Capcom | F97: Survival Horror / Action | G97: =IFERROR(INDEX('The 100'!$L$7:$L$106,MATCH(B97,'The 100'!$A$7:$A$106,0)),"") -> 92.8 | H97: =IFERROR(INDEX('The 100'!$M$7:$M$106,MATCH(B97,'The 100'!$A$7:$A$106,0)),"") -> 9.2121212 | J97: =HYPERLINK("#'The 100'!B"&(MATCH(B97,'The 100'!$A$7:$A$106,0)+6),"Open entry") -> Open entry
A98: 2023 | B98: 28 | C98: Alan Wake 2 | D98: Core | E98: Remedy / Epic Games | F98: Survival Horror / Action | G98: =IFERROR(INDEX('The 100'!$L$7:$L$106,MATCH(B98,'The 100'!$A$7:$A$106,0)),"") -> 89.2 | H98: =IFERROR(INDEX('The 100'!$M$7:$M$106,MATCH(B98,'The 100'!$A$7:$A$106,0)),"") -> 9.2 | I98: (AI – not played) | J98: =HYPERLINK("#'The 100'!B"&(MATCH(B98,'The 100'!$A$7:$A$106,0)+6),"Open entry") -> Open entry
A99: 2023 | B99: 52 | C99: Star Wars Jedi: Survivor | D99: Essential | E99: Respawn / EA | F99: Action-Adventure | G99: =IFERROR(INDEX('The 100'!$L$7:$L$106,MATCH(B99,'The 100'!$A$7:$A$106,0)),"") -> 85.8 | H99: =IFERROR(INDEX('The 100'!$M$7:$M$106,MATCH(B99,'The 100'!$A$7:$A$106,0)),"") -> 8.4545455 | J99: =HYPERLINK("#'The 100'!B"&(MATCH(B99,'The 100'!$A$7:$A$106,0)+6),"Open entry") -> Open entry
A100: 2023 | B100: 56 | C100: Final Fantasy XVI | D100: Essential | E100: Square Enix | F100: Action RPG | G100: =IFERROR(INDEX('The 100'!$L$7:$L$106,MATCH(B100,'The 100'!$A$7:$A$106,0)),"") -> 87.2 | H100: =IFERROR(INDEX('The 100'!$M$7:$M$106,MATCH(B100,'The 100'!$A$7:$A$106,0)),"") -> 8.3333333 | J100: =HYPERLINK("#'The 100'!B"&(MATCH(B100,'The 100'!$A$7:$A$106,0)+6),"Open entry") -> Open entry
A101: 2023 | B101: 61 | C101: Diablo IV | D101: Essential | E101: Blizzard | F101: Action RPG | G101: =IFERROR(INDEX('The 100'!$L$7:$L$106,MATCH(B101,'The 100'!$A$7:$A$106,0)),"") -> 89.25 | H101: =IFERROR(INDEX('The 100'!$M$7:$M$106,MATCH(B101,'The 100'!$A$7:$A$106,0)),"") -> 8.1818182 | J101: =HYPERLINK("#'The 100'!B"&(MATCH(B101,'The 100'!$A$7:$A$106,0)+6),"Open entry") -> Open entry
A102: 2023 | B102: 83 | C102: Hogwarts Legacy | D102: Essential | E102: Avalanche Software / WB Games | F102: Open-world Action RPG | G102: =IFERROR(INDEX('The 100'!$L$7:$L$106,MATCH(B102,'The 100'!$A$7:$A$106,0)),"") -> 84.6 | H102: =IFERROR(INDEX('The 100'!$M$7:$M$106,MATCH(B102,'The 100'!$A$7:$A$106,0)),"") -> 7.5151515 | J102: =HYPERLINK("#'The 100'!B"&(MATCH(B102,'The 100'!$A$7:$A$106,0)+6),"Open entry") -> Open entry
A103: 2023 | B103: 84 | C103: Marvel's Spider-Man 2 | D103: Essential | E103: Insomniac / Sony | F103: Open-world Action-Adventure | G103: =IFERROR(INDEX('The 100'!$L$7:$L$106,MATCH(B103,'The 100'!$A$7:$A$106,0)),"") -> 85.8 | H103: =IFERROR(INDEX('The 100'!$M$7:$M$106,MATCH(B103,'The 100'!$A$7:$A$106,0)),"") -> 7.4848485 | J103: =HYPERLINK("#'The 100'!B"&(MATCH(B103,'The 100'!$A$7:$A$106,0)+6),"Open entry") -> Open entry
A104: 2025 | B104: 13 | C104: Clair Obscur: Expedition 33 | D104: Core | E104: Sandfall Interactive / Kepler Interactive | F104: Turn-based RPG | G104: =IFERROR(INDEX('The 100'!$L$7:$L$106,MATCH(B104,'The 100'!$A$7:$A$106,0)),"") -> 90.75 | H104: =IFERROR(INDEX('The 100'!$M$7:$M$106,MATCH(B104,'The 100'!$A$7:$A$106,0)),"") -> 9.6363636 | J104: =HYPERLINK("#'The 100'!B"&(MATCH(B104,'The 100'!$A$7:$A$106,0)+6),"Open entry") -> Open entry
A105: 2025 | B105: 54 | C105: Death Stranding 2: On the Beach | D105: Essential | E105: Kojima Productions / Sony | F105: Action / Adventure | G105: =IFERROR(INDEX('The 100'!$L$7:$L$106,MATCH(B105,'The 100'!$A$7:$A$106,0)),"") -> 90 | H105: =IFERROR(INDEX('The 100'!$M$7:$M$106,MATCH(B105,'The 100'!$A$7:$A$106,0)),"") -> 8.3939394 | J105: =HYPERLINK("#'The 100'!B"&(MATCH(B105,'The 100'!$A$7:$A$106,0)+6),"Open entry") -> Open entry
A106: 2026 | B106: 41 | C106: Resident Evil Requiem | D106: Core | E106: Capcom | F106: Survival Horror | G106: =IFERROR(INDEX('The 100'!$L$7:$L$106,MATCH(B106,'The 100'!$A$7:$A$106,0)),"") -> 88.6 | H106: =IFERROR(INDEX('The 100'!$M$7:$M$106,MATCH(B106,'The 100'!$A$7:$A$106,0)),"") -> 8.7878788 | J106: =HYPERLINK("#'The 100'!B"&(MATCH(B106,'The 100'!$A$7:$A$106,0)+6),"Open entry") -> Open entry
A110: Curated by Leul Tewodros Agonafer
A111: GitHub · LeulTew/play-100 | D111: LinkedIn · Leul Tewodros Agonafer | G111: Telegram · @fabbin

Sheet Cover Gallery
A1: THE COVER GALLERY
A2: 100 supplied covers · curated order · nine larger Posters images preferred over duplicate thumbnails. Original image bytes are retained.
A4: ← Start Here | F4: The 100 → | K4: Artwork notes →
A5: Representative source artwork, not proof of platform availability or exact edition. Small originals may look soft. Rank 73 uses source art branded HITMAN III.
A7: 001 Red Dead Redemption 2 | F7: 002 Mass Effect 2 | K7: 003 The Witcher 3: Wild Hunt | P7: 004 God of War
A16: 2018 / Core | F16: 2010 / Core | K16: 2015 / Core | P16: 2018 / Core
A17: =HYPERLINK("#'The 100'!B"&(MATCH(1,'The 100'!$A$7:$A$106,0)+6),"View this entry →") -> View this entry → | F17: =HYPERLINK("#'The 100'!B"&(MATCH(2,'The 100'!$A$7:$A$106,0)+6),"View this entry →") -> View this entry → | K17: =HYPERLINK("#'The 100'!B"&(MATCH(3,'The 100'!$A$7:$A$106,0)+6),"View this entry →") -> View this entry → | P17: =HYPERLINK("#'The 100'!B"&(MATCH(4,'The 100'!$A$7:$A$106,0)+6),"View this entry →") -> View this entry →
A19: 005 The Last of Us | F19: 006 Grand Theft Auto V | K19: 007 Grand Theft Auto IV | P19: 008 Red Dead Redemption
A28: 2013 / Core | F28: 2013 / Core | K28: 2008 / Core | P28: 2010 / Core
A29: =HYPERLINK("#'The 100'!B"&(MATCH(5,'The 100'!$A$7:$A$106,0)+6),"View this entry →") -> View this entry → | F29: =HYPERLINK("#'The 100'!B"&(MATCH(6,'The 100'!$A$7:$A$106,0)+6),"View this entry →") -> View this entry → | K29: =HYPERLINK("#'The 100'!B"&(MATCH(7,'The 100'!$A$7:$A$106,0)+6),"View this entry →") -> View this entry → | P29: =HYPERLINK("#'The 100'!B"&(MATCH(8,'The 100'!$A$7:$A$106,0)+6),"View this entry →") -> View this entry →
A31: 009 BioShock | F31: 010 Mass Effect | K31: 011 The Elder Scrolls V: Skyrim | P31: 012 Baldur's Gate 3
A40: 2007 / Core | F40: 2007 / Core | K40: 2011 / Core | P40: 2023 / Core
A41: =HYPERLINK("#'The 100'!B"&(MATCH(9,'The 100'!$A$7:$A$106,0)+6),"View this entry →") -> View this entry → | F41: =HYPERLINK("#'The 100'!B"&(MATCH(10,'The 100'!$A$7:$A$106,0)+6),"View this entry →") -> View this entry → | K41: =HYPERLINK("#'The 100'!B"&(MATCH(11,'The 100'!$A$7:$A$106,0)+6),"View this entry →") -> View this entry → | P41: =HYPERLINK("#'The 100'!B"&(MATCH(12,'The 100'!$A$7:$A$106,0)+6),"View this entry →") -> View this entry →
A43: 013 Clair Obscur: Expedition 33 | F43: 014 Batman: Arkham City | K43: 015 Elden Ring | P43: 016 Uncharted 4: A Thief's End
A52: 2025 / Core | F52: 2011 / Core | K52: 2022 / Core | P52: 2016 / Core
A53: =HYPERLINK("#'The 100'!B"&(MATCH(13,'The 100'!$A$7:$A$106,0)+6),"View this entry →") -> View this entry → | F53: =HYPERLINK("#'The 100'!B"&(MATCH(14,'The 100'!$A$7:$A$106,0)+6),"View this entry →") -> View this entry → | K53: =HYPERLINK("#'The 100'!B"&(MATCH(15,'The 100'!$A$7:$A$106,0)+6),"View this entry →") -> View this entry → | P53: =HYPERLINK("#'The 100'!B"&(MATCH(16,'The 100'!$A$7:$A$106,0)+6),"View this entry →") -> View this entry →
A55: 017 God of War Ragnarök | F55: 018 The Last of Us Part II | K55: 019 Grand Theft Auto: San Andreas | P55: 020 Mass Effect 3
A64: 2022 / Core | F64: 2020 / Core | K64: 2004 / Core | P64: 2012 / Core
A65: =HYPERLINK("#'The 100'!B"&(MATCH(17,'The 100'!$A$7:$A$106,0)+6),"View this entry →") -> View this entry → | F65: =HYPERLINK("#'The 100'!B"&(MATCH(18,'The 100'!$A$7:$A$106,0)+6),"View this entry →") -> View this entry → | K65: =HYPERLINK("#'The 100'!B"&(MATCH(19,'The 100'!$A$7:$A$106,0)+6),"View this entry →") -> View this entry → | P65: =HYPERLINK("#'The 100'!B"&(MATCH(20,'The 100'!$A$7:$A$106,0)+6),"View this entry →") -> View this entry →
A67: 021 Fallout 3 | F67: 022 Baldur's Gate II: Shadows of Amn | K67: 023 Halo 3 | P67: 024 Portal 2
A76: 2008 / Core | F76: 2000 / Core | K76: 2007 / Core | P76: 2011 / Core
A77: =HYPERLINK("#'The 100'!B"&(MATCH(21,'The 100'!$A$7:$A$106,0)+6),"View this entry →") -> View this entry → | F77: =HYPERLINK("#'The 100'!B"&(MATCH(22,'The 100'!$A$7:$A$106,0)+6),"View this entry →") -> View this entry → | K77: =HYPERLINK("#'The 100'!B"&(MATCH(23,'The 100'!$A$7:$A$106,0)+6),"View this entry →") -> View this entry → | P77: =HYPERLINK("#'The 100'!B"&(MATCH(24,'The 100'!$A$7:$A$106,0)+6),"View this entry →") -> View this entry →
A79: 025 Half-Life 2 | F79: 026 Cyberpunk 2077 | K79: 027 Resident Evil 4 | P79: 028 Alan Wake 2
A88: 2004 / Core | F88: 2020 / Core | K88: 2023 / Core | P88: 2023 / Core
A89: =HYPERLINK("#'The 100'!B"&(MATCH(25,'The 100'!$A$7:$A$106,0)+6),"View this entry →") -> View this entry → | F89: =HYPERLINK("#'The 100'!B"&(MATCH(26,'The 100'!$A$7:$A$106,0)+6),"View this entry →") -> View this entry → | K89: =HYPERLINK("#'The 100'!B"&(MATCH(27,'The 100'!$A$7:$A$106,0)+6),"View this entry →") -> View this entry → | P89: =HYPERLINK("#'The 100'!B"&(MATCH(28,'The 100'!$A$7:$A$106,0)+6),"View this entry →") -> View this entry →
A91: 029 Control | F91: 030 Star Wars: Knights of the Old Republic | K91: 031 Metal Gear Solid 3: Snake Eater | P91: 032 Call of Duty 4: Modern Warfare
A100: 2019 / Core | F100: 2003 / Core | K100: 2004 / Core | P100: 2007 / Core
A101: =HYPERLINK("#'The 100'!B"&(MATCH(29,'The 100'!$A$7:$A$106,0)+6),"View this entry →") -> View this entry → | F101: =HYPERLINK("#'The 100'!B"&(MATCH(30,'The 100'!$A$7:$A$106,0)+6),"View this entry →") -> View this entry → | K101: =HYPERLINK("#'The 100'!B"&(MATCH(31,'The 100'!$A$7:$A$106,0)+6),"View this entry →") -> View this entry → | P101: =HYPERLINK("#'The 100'!B"&(MATCH(32,'The 100'!$A$7:$A$106,0)+6),"View this entry →") -> View this entry →
A103: 033 Assassin's Creed IV: Black Flag | F103: 034 Dishonored | K103: 035 The Elder Scrolls IV: Oblivion | P103: 036 Halo: Reach
A112: 2013 / Core | F112: 2012 / Core | K112: 2006 / Core | P112: 2010 / Core
A113: =HYPERLINK("#'The 100'!B"&(MATCH(33,'The 100'!$A$7:$A$106,0)+6),"View this entry →") -> View this entry → | F113: =HYPERLINK("#'The 100'!B"&(MATCH(34,'The 100'!$A$7:$A$106,0)+6),"View this entry →") -> View this entry → | K113: =HYPERLINK("#'The 100'!B"&(MATCH(35,'The 100'!$A$7:$A$106,0)+6),"View this entry →") -> View this entry → | P113: =HYPERLINK("#'The 100'!B"&(MATCH(36,'The 100'!$A$7:$A$106,0)+6),"View this entry →") -> View this entry →
A115: 037 Far Cry 4 | F115: 038 Dragon Age: Inquisition | K115: 039 Metro Exodus | P115: 040 Resident Evil 2
A124: 2014 / Core | F124: 2014 / Core | K124: 2019 / Core | P124: 2019 / Core
A125: =HYPERLINK("#'The 100'!B"&(MATCH(37,'The 100'!$A$7:$A$106,0)+6),"View this entry →") -> View this entry → | F125: =HYPERLINK("#'The 100'!B"&(MATCH(38,'The 100'!$A$7:$A$106,0)+6),"View this entry →") -> View this entry → | K125: =HYPERLINK("#'The 100'!B"&(MATCH(39,'The 100'!$A$7:$A$106,0)+6),"View this entry →") -> View this entry → | P125: =HYPERLINK("#'The 100'!B"&(MATCH(40,'The 100'!$A$7:$A$106,0)+6),"View this entry →") -> View this entry →
A127: 041 Resident Evil Requiem | F127: 042 Titanfall 2 | K127: 043 Star Wars Battlefront II | P127: 044 Sekiro: Shadows Die Twice
A136: 2026 / Core | F136: 2016 / Core | K136: 2017 / Core | P136: 2019 / Core
A137: =HYPERLINK("#'The 100'!B"&(MATCH(41,'The 100'!$A$7:$A$106,0)+6),"View this entry →") -> View this entry → | F137: =HYPERLINK("#'The 100'!B"&(MATCH(42,'The 100'!$A$7:$A$106,0)+6),"View this entry →") -> View this entry → | K137: =HYPERLINK("#'The 100'!B"&(MATCH(43,'The 100'!$A$7:$A$106,0)+6),"View this entry →") -> View this entry → | P137: =HYPERLINK("#'The 100'!B"&(MATCH(44,'The 100'!$A$7:$A$106,0)+6),"View this entry →") -> View this entry →
A139: 045 Bloodborne | F139: 046 Grand Theft Auto: Vice City | K139: 047 Star Wars Jedi: Fallen Order | P139: 048 Horizon Zero Dawn
A148: 2015 / Core | F148: 2002 / Core | K148: 2019 / Core | P148: 2017 / Core
A149: =HYPERLINK("#'The 100'!B"&(MATCH(45,'The 100'!$A$7:$A$106,0)+6),"View this entry →") -> View this entry → | F149: =HYPERLINK("#'The 100'!B"&(MATCH(46,'The 100'!$A$7:$A$106,0)+6),"View this entry →") -> View this entry → | K149: =HYPERLINK("#'The 100'!B"&(MATCH(47,'The 100'!$A$7:$A$106,0)+6),"View this entry →") -> View this entry → | P149: =HYPERLINK("#'The 100'!B"&(MATCH(48,'The 100'!$A$7:$A$106,0)+6),"View this entry →") -> View this entry →
A151: 049 Horizon Forbidden West | F151: 050 Ghost of Tsushima | K151: 051 DOOM Eternal | P151: 052 Star Wars Jedi: Survivor
A160: 2022 / Core | F160: 2020 / Core | K160: 2020 / Essential | P160: 2023 / Essential
A161: =HYPERLINK("#'The 100'!B"&(MATCH(49,'The 100'!$A$7:$A$106,0)+6),"View this entry →") -> View this entry → | F161: =HYPERLINK("#'The 100'!B"&(MATCH(50,'The 100'!$A$7:$A$106,0)+6),"View this entry →") -> View this entry → | K161: =HYPERLINK("#'The 100'!B"&(MATCH(51,'The 100'!$A$7:$A$106,0)+6),"View this entry →") -> View this entry → | P161: =HYPERLINK("#'The 100'!B"&(MATCH(52,'The 100'!$A$7:$A$106,0)+6),"View this entry →") -> View this entry →
A163: 053 Death Stranding | F163: 054 Death Stranding 2: On the Beach | K163: 055 Final Fantasy VII Remake | P163: 056 Final Fantasy XVI
A172: 2019 / Essential | F172: 2025 / Essential | K172: 2020 / Essential | P172: 2023 / Essential
A173: =HYPERLINK("#'The 100'!B"&(MATCH(53,'The 100'!$A$7:$A$106,0)+6),"View this entry →") -> View this entry → | F173: =HYPERLINK("#'The 100'!B"&(MATCH(54,'The 100'!$A$7:$A$106,0)+6),"View this entry →") -> View this entry → | K173: =HYPERLINK("#'The 100'!B"&(MATCH(55,'The 100'!$A$7:$A$106,0)+6),"View this entry →") -> View this entry → | P173: =HYPERLINK("#'The 100'!B"&(MATCH(56,'The 100'!$A$7:$A$106,0)+6),"View this entry →") -> View this entry →
A175: 057 Final Fantasy XV | F175: 058 Kingdom Hearts II | K175: 059 NieR:Automata | P175: 060 Diablo II
A184: 2016 / Essential | F184: 2005 / Essential | K184: 2017 / Essential | P184: 2000 / Essential
A185: =HYPERLINK("#'The 100'!B"&(MATCH(57,'The 100'!$A$7:$A$106,0)+6),"View this entry →") -> View this entry → | F185: =HYPERLINK("#'The 100'!B"&(MATCH(58,'The 100'!$A$7:$A$106,0)+6),"View this entry →") -> View this entry → | K185: =HYPERLINK("#'The 100'!B"&(MATCH(59,'The 100'!$A$7:$A$106,0)+6),"View this entry →") -> View this entry → | P185: =HYPERLINK("#'The 100'!B"&(MATCH(60,'The 100'!$A$7:$A$106,0)+6),"View this entry →") -> View this entry →
A187: 061 Diablo IV | F187: 062 World of Warcraft | K187: 063 StarCraft II: Wings of Liberty | P187: 064 Warcraft III: Reign of Chaos
A196: 2023 / Essential | F196: 2004 / Essential | K196: 2010 / Essential | P196: 2002 / Essential
A197: =HYPERLINK("#'The 100'!B"&(MATCH(61,'The 100'!$A$7:$A$106,0)+6),"View this entry →") -> View this entry → | F197: =HYPERLINK("#'The 100'!B"&(MATCH(62,'The 100'!$A$7:$A$106,0)+6),"View this entry →") -> View this entry → | K197: =HYPERLINK("#'The 100'!B"&(MATCH(63,'The 100'!$A$7:$A$106,0)+6),"View this entry →") -> View this entry → | P197: =HYPERLINK("#'The 100'!B"&(MATCH(64,'The 100'!$A$7:$A$106,0)+6),"View this entry →") -> View this entry →
A199: 065 Overwatch | F199: 066 Call of Duty: Modern Warfare 2 | K199: 067 Call of Duty: Black Ops | P199: 068 Call of Duty: Black Ops II
A208: 2016 / Essential | F208: 2009 / Essential | K208: 2010 / Essential | P208: 2012 / Essential
A209: =HYPERLINK("#'The 100'!B"&(MATCH(65,'The 100'!$A$7:$A$106,0)+6),"View this entry →") -> View this entry → | F209: =HYPERLINK("#'The 100'!B"&(MATCH(66,'The 100'!$A$7:$A$106,0)+6),"View this entry →") -> View this entry → | K209: =HYPERLINK("#'The 100'!B"&(MATCH(67,'The 100'!$A$7:$A$106,0)+6),"View this entry →") -> View this entry → | P209: =HYPERLINK("#'The 100'!B"&(MATCH(68,'The 100'!$A$7:$A$106,0)+6),"View this entry →") -> View this entry →
A211: 069 Battlefield 1 | F211: 070 Battlefield 3 | K211: 071 Battlefield 4 | P211: 072 Metal Gear Solid V: The Phantom Pain
A220: 2016 / Essential | F220: 2011 / Essential | K220: 2013 / Essential | P220: 2015 / Essential
A221: =HYPERLINK("#'The 100'!B"&(MATCH(69,'The 100'!$A$7:$A$106,0)+6),"View this entry →") -> View this entry → | F221: =HYPERLINK("#'The 100'!B"&(MATCH(70,'The 100'!$A$7:$A$106,0)+6),"View this entry →") -> View this entry → | K221: =HYPERLINK("#'The 100'!B"&(MATCH(71,'The 100'!$A$7:$A$106,0)+6),"View this entry →") -> View this entry → | P221: =HYPERLINK("#'The 100'!B"&(MATCH(72,'The 100'!$A$7:$A$106,0)+6),"View this entry →") -> View this entry →
A223: 073 Hitman: World of Assassination | F223: 074 Dishonored 2 | K223: 075 Prey | P223: 076 The Evil Within 2
A232: 2016 / Essential | F232: 2016 / Essential | K232: 2017 / Essential | P232: 2017 / Essential
A233: =HYPERLINK("#'The 100'!B"&(MATCH(73,'The 100'!$A$7:$A$106,0)+6),"View this entry →") -> View this entry → | F233: =HYPERLINK("#'The 100'!B"&(MATCH(74,'The 100'!$A$7:$A$106,0)+6),"View this entry →") -> View this entry → | K233: =HYPERLINK("#'The 100'!B"&(MATCH(75,'The 100'!$A$7:$A$106,0)+6),"View this entry →") -> View this entry → | P233: =HYPERLINK("#'The 100'!B"&(MATCH(76,'The 100'!$A$7:$A$106,0)+6),"View this entry →") -> View this entry →
A235: 077 Resident Evil 7: Biohazard | F235: 078 Resident Evil 3 | K235: 079 Resident Evil Village | P235: 080 Resident Evil 5
A244: 2017 / Essential | F244: 2020 / Essential | K244: 2021 / Essential | P244: 2009 / Essential
A245: =HYPERLINK("#'The 100'!B"&(MATCH(77,'The 100'!$A$7:$A$106,0)+6),"View this entry →") -> View this entry → | F245: =HYPERLINK("#'The 100'!B"&(MATCH(78,'The 100'!$A$7:$A$106,0)+6),"View this entry →") -> View this entry → | K245: =HYPERLINK("#'The 100'!B"&(MATCH(79,'The 100'!$A$7:$A$106,0)+6),"View this entry →") -> View this entry → | P245: =HYPERLINK("#'The 100'!B"&(MATCH(80,'The 100'!$A$7:$A$106,0)+6),"View this entry →") -> View this entry →
A247: 081 Shadow of Mordor | F247: 082 Middle-earth: Shadow of War | K247: 083 Hogwarts Legacy | P247: 084 Marvel's Spider-Man 2
A256: 2014 / Essential | F256: 2017 / Essential | K256: 2023 / Essential | P256: 2023 / Essential
A257: =HYPERLINK("#'The 100'!B"&(MATCH(81,'The 100'!$A$7:$A$106,0)+6),"View this entry →") -> View this entry → | F257: =HYPERLINK("#'The 100'!B"&(MATCH(82,'The 100'!$A$7:$A$106,0)+6),"View this entry →") -> View this entry → | K257: =HYPERLINK("#'The 100'!B"&(MATCH(83,'The 100'!$A$7:$A$106,0)+6),"View this entry →") -> View this entry → | P257: =HYPERLINK("#'The 100'!B"&(MATCH(84,'The 100'!$A$7:$A$106,0)+6),"View this entry →") -> View this entry →
A259: 085 Ratchet & Clank: Rift Apart | F259: 086 Returnal | K259: 087 Deathloop | P259: 088 Days Gone
A268: 2021 / Essential | F268: 2021 / Essential | K268: 2021 / Essential | P268: 2019 / Essential
A269: =HYPERLINK("#'The 100'!B"&(MATCH(85,'The 100'!$A$7:$A$106,0)+6),"View this entry →") -> View this entry → | F269: =HYPERLINK("#'The 100'!B"&(MATCH(86,'The 100'!$A$7:$A$106,0)+6),"View this entry →") -> View this entry → | K269: =HYPERLINK("#'The 100'!B"&(MATCH(87,'The 100'!$A$7:$A$106,0)+6),"View this entry →") -> View this entry → | P269: =HYPERLINK("#'The 100'!B"&(MATCH(88,'The 100'!$A$7:$A$106,0)+6),"View this entry →") -> View this entry →
A271: 089 The Division | F271: 090 The Division 2 | K271: 091 Assassin's Creed Origins | P271: 092 Assassin's Creed Odyssey
A280: 2016 / Essential | F280: 2019 / Essential | K280: 2017 / Essential | P280: 2018 / Essential
A281: =HYPERLINK("#'The 100'!B"&(MATCH(89,'The 100'!$A$7:$A$106,0)+6),"View this entry →") -> View this entry → | F281: =HYPERLINK("#'The 100'!B"&(MATCH(90,'The 100'!$A$7:$A$106,0)+6),"View this entry →") -> View this entry → | K281: =HYPERLINK("#'The 100'!B"&(MATCH(91,'The 100'!$A$7:$A$106,0)+6),"View this entry →") -> View this entry → | P281: =HYPERLINK("#'The 100'!B"&(MATCH(92,'The 100'!$A$7:$A$106,0)+6),"View this entry →") -> View this entry →
A283: 093 Assassin's Creed Valhalla | F283: 094 Watch Dogs 2 | K283: 095 Sleeping Dogs | P283: 096 Just Cause 3
A292: 2020 / Essential | F292: 2016 / Essential | K292: 2012 / Essential | P292: 2015 / Essential
A293: =HYPERLINK("#'The 100'!B"&(MATCH(93,'The 100'!$A$7:$A$106,0)+6),"View this entry →") -> View this entry → | F293: =HYPERLINK("#'The 100'!B"&(MATCH(94,'The 100'!$A$7:$A$106,0)+6),"View this entry →") -> View this entry → | K293: =HYPERLINK("#'The 100'!B"&(MATCH(95,'The 100'!$A$7:$A$106,0)+6),"View this entry →") -> View this entry → | P293: =HYPERLINK("#'The 100'!B"&(MATCH(96,'The 100'!$A$7:$A$106,0)+6),"View this entry →") -> View this entry →
A295: 097 Max Payne 3 | F295: 098 Tomb Raider | K295: 099 Rise of the Tomb Raider | P295: 100 L.A. Noire
A304: 2012 / Essential | F304: 2013 / Essential | K304: 2015 / Essential | P304: 2011 / Essential
A305: =HYPERLINK("#'The 100'!B"&(MATCH(97,'The 100'!$A$7:$A$106,0)+6),"View this entry →") -> View this entry → | F305: =HYPERLINK("#'The 100'!B"&(MATCH(98,'The 100'!$A$7:$A$106,0)+6),"View this entry →") -> View this entry → | K305: =HYPERLINK("#'The 100'!B"&(MATCH(99,'The 100'!$A$7:$A$106,0)+6),"View this entry →") -> View this entry → | P305: =HYPERLINK("#'The 100'!B"&(MATCH(100,'The 100'!$A$7:$A$106,0)+6),"View this entry →") -> View this entry →
A310: Curated by Leul Tewodros Agonafer
A311: GitHub · LeulTew/play-100 | G311: LinkedIn · Leul Tewodros Agonafer | M311: Telegram · @fabbin

Sheet Methodology
A1: METHODOLOGY & PROVENANCE
A2: An honest guide to the collection, its numbers, its artwork, and its source.
A4: ← Start Here | E4: The 100 →
A7: 01 / SCOPE | D7: Mainstream AAA / blockbuster / major-publisher flagship games, plus a small number of AAA-caliber premium exceptions that clearly belong in an essential modern-gaming list. Nintendo excluded.
A12: 02 / RANKING | D12: Curated must-play ranking, not a raw Metacritic leaderboard. Signals in the source: Critical acclaim, lasting reputation, industry influence, cultural impact, design quality, production ambition and “must-play” status.
A17: 03 / TIERS | D17: Core = ranks 1–50. Essential = ranks 51–100. The division is editorial, not a score cutoff. No source title was added, removed, promoted or demoted.
A22: 04 / NATIVE SCALES | D22: Metacritic, Metacritic PC and PC Gamer use /100. IGN and GameSpot use /10. A blank means no numeric value was entered in the primary snapshot; it never means zero.
A27: 05 / CRITIC AVERAGE | D27: Normalize IGN and GameSpot by multiplying by 10; then average only numeric, available columns. Both Metacritic columns count separately when entered. This is not an average of independent publications and is not the ranking algorithm.
A32: 06 / LEUL'S ORIGINAL RATING | D32: The original column L is headed “my rating(based on rank)”. It contains Leul's own ratings, based on his curated ranking. The original cached values are copied exactly; rounded TEXT results remain rounded (for example The Witcher 3 = 9.9 and Grand Theft Auto IV = 9.8). No formula repairs or reconstructed curve replace those values. This is separate from critic averages and any visitor's private website rating.
A37: 07 / SOURCE NOTES | D37: Twelve author-rating cells contain “(AI – not played)”. Their numeric author rating and original note are both preserved. An absent source note does not establish play history. Historical author notes never set a visitor's Played/Completed state.
A42: 08 / WHAT IS VERIFIED | D42: The extraction, arithmetic, record count, source preservation, formula caches and image mapping were checked. Critic scores, game years, platform editions and release metadata were not independently reverified. No critic snapshot date is known.
A47: 09 / DATA PRESERVATION | D47: Game titles, studios, source years, genres, native critic entries and ranking rationales come from the primary sheet unchanged. Non-AAA premium exceptions already present in the source remain included. JSON genreTags only split the existing genre text at slash separators.
A52: 10 / FORMULAS | D52: The 100 recalculates critic averages from entered columns. Leul's original ratings are fixed copied numbers so recalculation cannot silently rewrite them. Chronology looks up both metrics by rank with matching initial caches. Sorting either table preserves associations. Formula mode is automatic; there are no macros or external workbook links.
A57: 11 / COVER PROVENANCE | D57: 109 original embedded images were found: 100 row thumbnails and nine larger gallery posters. For each game, the largest correctly anchored supplied image is reused without altering its bytes. All nine poster labels match exact primary titles. No artwork was fetched, invented or replaced.
A62: 12 / COVER LIMITATIONS | D62: The source is low resolution: 91 selected covers are 120 pixels high; nine are larger. Covers are representative editions and cannot establish platform availability. Rank 73 is titled Hitman: World of Assassination with source year 2016, while its supplied cover is branded HITMAN III. That source naming/edition caveat is retained, not silently corrected.
... A92: 18 / SOURCE IDENTITY | D92: AAA_games_u_have_to_play_list_top_100.xlsx SHA-256: 301043fb513209b129586f617f1d205526c3c61785c48182760cf1aacaf29143 The original attachment is never modified. Generated document timestamps are omitted: no document or critic verification date is invented.
A99: Curated by Leul Tewodros Agonafer
A100: GitHub · LeulTew/play-100 | F100: LinkedIn · Leul Tewodros Agonafer | K100: Telegram · @fabbin
